icao,observed_utc,observed_local,flight_category,temp_c,dewpoint_c,rh_percent,wind_dir_deg,wind_kts,vis_m,altimeter_hg,conditions,clouds,raw_text,fetched_at_utc,fetched_at_local
CYAM,2026-04-01T05:32:00Z,2026-04-01T01:32:00Z,MVFR,-3,-5,86,310,13,9999,30.13,NA,BKN  ft; OVC  ft,SPECI CYAM 010532Z 31013G20KT 10SM BKN014 OVC018 M03/M05 A3013 RMK SC5SC3 FROIN SLP215,2026-04-01T06:05:53Z,2026-04-01T02:05:53Z
CYAM,2026-04-01T07:00:00Z,2026-04-01T03:00:00Z,MVFR,-3,-7,73,350,9,9999,30.17,NA,FEW  ft; SCT  ft; BKN  ft; BKN  ft,METAR CYAM 010700Z 35009G15KT 10SM FEW018 SCT021 BKN028 BKN220 M03/M07 A3017 RMK SC2SC2SC2CI1 SLP227,2026-04-01T07:51:26Z,2026-04-01T03:51:26Z
CYAM,2026-04-01T09:00:00Z,2026-04-01T05:00:00Z,VFR,-6,-10,73,340,6,9999,30.24,NA,FEW  ft; SCT  ft,METAR CYAM 010900Z 34006KT 10SM FEW020 SCT220 M06/M10 A3024 RMK SC2CI2 SLP253,2026-04-01T09:23:01Z,2026-04-01T05:23:01Z
CYAM,2026-04-01T11:00:00Z,2026-04-01T07:00:00Z,VFR,-7,-10,79,360,4,19312.13,30.3,NA,FEW  ft; SCT  ft; BKN  ft,METAR CYAM 011100Z 36004KT 12SM FEW020 SCT035 BKN220 M07/M10 A3030 RMK CU1SC2CI3 SLP274,2026-04-01T11:11:22Z,2026-04-01T07:11:22Z
CYAM,2026-04-01T13:00:00Z,2026-04-01T09:00:00Z,VFR,-7,-12,67,40,6,24140.16,30.38,NA,FEW  ft; FEW  ft; FEW  ft; SCT  ft,METAR CYAM 011300Z 04006KT 15SM FEW018 FEW160 FEW210 SCT220 M07/M12 A3038 RMK SC1AC1CI2CI1 SC TR AC TR CONTRAILS SLP304,2026-04-01T14:00:18Z,2026-04-01T10:00:18Z
CYAM,2026-04-01T15:00:00Z,2026-04-01T11:00:00Z,VFR,-6,-12,62,80,4,32186.88,30.42,NA,FEW  ft; FEW  ft; FEW  ft; BKN  ft,METAR CYAM 011500Z 08004KT 060V130 20SM FEW020 FEW160 FEW210 BKN220 M06/M12 A3042 RMK SC1AC1CI2CI3 SC TR AC TR SLP314,2026-04-01T15:20:15Z,2026-04-01T11:20:15Z
CYAT,2026-04-01T05:00:00Z,2026-04-01T01:00:00Z,VFR,-27,-30,75,10,3,14484.1,30.41,NA,NA,METAR CYAT 010500Z AUTO 01003KT 9SM CLR M27/M30 A3041 RMK SLP302,2026-04-01T06:05:53Z,2026-04-01T02:05:53Z
CYAT,2026-04-01T07:00:00Z,2026-04-01T03:00:00Z,VFR,-29,-33,68,340,2,14484.1,30.44,NA,NA,METAR CYAT 010700Z AUTO 34002KT 9SM CLR M29/M33 A3044 RMK SLP312,2026-04-01T07:51:26Z,2026-04-01T03:51:26Z
CYAT,2026-04-01T09:00:00Z,2026-04-01T05:00:00Z,VFR,-30,-34,68,290,3,14484.1,30.48,NA,NA,METAR CYAT 010900Z AUTO 29003KT 9SM CLR M30/M34 A3048 RMK SLP323,2026-04-01T09:23:00Z,2026-04-01T05:23:00Z
CYAT,2026-04-01T11:00:00Z,2026-04-01T07:00:00Z,VFR,-30,-33,75,0,0,14484.1,30.52,NA,NA,METAR CYAT 011100Z AUTO 00000KT 9SM CLR M30/M33 A3052 RMK SLP337,2026-04-01T11:11:22Z,2026-04-01T07:11:22Z
CYAT,2026-04-01T13:00:00Z,2026-04-01T09:00:00Z,VFR,-23,-25,83,0,0,14484.1,30.57,NA,NA,METAR CYAT 011300Z AUTO 00000KT 9SM CLR M23/M25 A3057 RMK SLP354,2026-04-01T14:00:18Z,2026-04-01T10:00:18Z
CYAT,2026-04-01T15:00:00Z,2026-04-01T11:00:00Z,VFR,-15,-20,65,110,3,14484.1,30.57,NA,NA,METAR CYAT 011500Z AUTO 11003KT 080V170 9SM CLR M15/M20 A3057 RMK SLP356,2026-04-01T15:20:15Z,2026-04-01T11:20:15Z
CYBC,2026-04-01T05:00:00Z,2026-04-01T01:00:00Z,IFR,-2,-3,92,180,7,6437.38,30.04,NA,BKN  ft; BKN  ft; OVC  ft,METAR CYBC 010500Z AUTO 18007KT 4SM -SN BKN007 BKN013 OVC017 M02/M03 A3004 RMK SLP177,2026-04-01T06:05:54Z,2026-04-01T02:05:54Z
CYBC,2026-04-01T07:49:00Z,2026-04-01T03:49:00Z,IFR,-4,-5,92,80,13,4828.03,30.02,NA,BKN  ft; BKN  ft; OVC  ft,SPECI CYBC 010749Z AUTO 08013KT 3SM -SN BKN007 BKN011 OVC017 M04/M05 A3002 RMK SLP169,2026-04-01T07:51:29Z,2026-04-01T03:51:29Z
CYBC,2026-04-01T09:00:00Z,2026-04-01T05:00:00Z,IFR,-4,-5,92,60,9,4828.03,30.03,NA,OVC  ft,METAR CYBC 010900Z AUTO 06009KT 3SM -SN OVC007 M04/M05 A3003 RMK SLP173,2026-04-01T09:23:02Z,2026-04-01T05:23:02Z
CYBC,2026-04-01T11:07:00Z,2026-04-01T07:07:00Z,IFR,-5,-6,92,40,7,2816.35,30.07,NA,SCT  ft; OVC  ft,SPECI CYBC 011107Z AUTO 04007KT 1 3/4SM -SN SCT011 OVC017 M05/M06 A3007 RMK SLP187,2026-04-01T11:11:23Z,2026-04-01T07:11:23Z
CYBC,2026-04-01T13:52:00Z,2026-04-01T09:52:00Z,IFR,-3,-5,86,50,9,3218.69,30.14,NA,BKN  ft; OVC  ft,SPECI CYBC 011352Z AUTO 05009KT 2SM -SN BKN012 OVC019 M03/M05 A3014 RMK SLP209,2026-04-01T14:00:20Z,2026-04-01T10:00:20Z
CYBC,2026-04-01T15:00:00Z,2026-04-01T11:00:00Z,MVFR,-3,-6,79,50,12,6437.38,30.16,NA,BKN  ft; OVC  ft,METAR CYBC 011500Z AUTO 05012KT 4SM -SN BKN014 OVC025 M03/M06 A3016 RMK SLP218,2026-04-01T15:20:18Z,2026-04-01T11:20:18Z
CYBK,2026-04-01T05:00:00Z,2026-04-01T01:00:00Z,VFR,-31,-34,74,0,0,24140.16,30.24,NA,SCT  ft,METAR CYBK 010500Z 00000KT 15SM IC SCT210 M31/M34 A3024 RMK CI4 SLP245,2026-04-01T06:05:54Z,2026-04-01T02:05:54Z
CYBK,2026-04-01T07:00:00Z,2026-04-01T03:00:00Z,VFR,-32,-35,74,0,0,24140.16,30.23,NA,SCT  ft,METAR CYBK 010700Z 00000KT 15SM IC SCT210 M32/M35 A3023 RMK CI4 SLP244,2026-04-01T07:51:30Z,2026-04-01T03:51:30Z
CYBK,2026-04-01T09:00:00Z,2026-04-01T05:00:00Z,VFR,-32,-35,74,0,0,24140.16,30.24,NA,SCT  ft,METAR CYBK 010900Z 00000KT 15SM IC SCT210 M32/M35 A3024 RMK CI4 SLP245,2026-04-01T09:23:02Z,2026-04-01T05:23:02Z
CYBK,2026-04-01T11:00:00Z,2026-04-01T07:00:00Z,VFR,-33,-36,74,180,2,24140.16,30.25,NA,FEW  ft; FEW  ft,METAR CYBK 011100Z 18002KT 15SM IC FEW120 FEW210 M33/M36 A3025 RMK AC1CI2 AC TR SLP249,2026-04-01T11:11:24Z,2026-04-01T07:11:24Z
CYBK,2026-04-01T13:00:00Z,2026-04-01T09:00:00Z,VFR,-32,-35,74,0,0,40233.6,30.25,NA,FEW  ft; FEW  ft,METAR CYBK 011300Z 00000KT 25SM IC FEW120 FEW210 M32/M35 A3025 RMK AC1CI2 AC TR SLP251,2026-04-01T14:00:20Z,2026-04-01T10:00:20Z
CYBK,2026-04-01T15:00:00Z,2026-04-01T11:00:00Z,VFR,-29,-32,75,100,2,32186.88,30.27,NA,FEW  ft,METAR CYBK 011500Z 10002KT 20SM IC FEW090 M29/M32 A3027 RMK AC1 AC TR SLP255,2026-04-01T15:20:19Z,2026-04-01T11:20:19Z
CYBR,2026-04-01T05:00:00Z,2026-04-01T01:00:00Z,VFR,-14,-16,84,340,3,14484.1,30.27,NA,BKN  ft; BKN  ft,METAR CYBR 010500Z AUTO 34003KT 9SM BKN180 BKN200 M14/M16 A3027 RMK SLP290,2026-04-01T06:05:54Z,2026-04-01T02:05:54Z
CYBR,2026-04-01T07:00:00Z,2026-04-01T03:00:00Z,VFR,-16,-18,84,340,3,14484.1,30.27,NA,NA,METAR CYBR 010700Z AUTO 34003KT 9SM CLR M16/M18 A3027 RMK SLP287,2026-04-01T07:51:28Z,2026-04-01T03:51:28Z
CYBR,2026-04-01T09:00:00Z,2026-04-01T05:00:00Z,VFR,-16,-18,84,100,2,14484.1,30.24,NA,SCT  ft,METAR CYBR 010900Z AUTO 10002KT 9SM SCT160 M16/M18 A3024 RMK SLP278,2026-04-01T09:23:01Z,2026-04-01T05:23:01Z
CYBR,2026-04-01T11:00:00Z,2026-04-01T07:00:00Z,VFR,-14,-16,84,70,5,14484.1,30.22,NA,OVC  ft,METAR CYBR 011100Z AUTO 07005KT 9SM OVC150 M14/M16 A3022 RMK SLP270,2026-04-01T11:11:23Z,2026-04-01T07:11:23Z
CYBR,2026-04-01T13:00:00Z,2026-04-01T09:00:00Z,VFR,-13,-15,84,80,8,9999,30.22,NA,BKN  ft; BKN  ft,METAR CYBR 011300Z 08008KT 10SM BKN110 BKN250 M13/M15 A3022 RMK AC5CI1 SLP271,2026-04-01T14:00:19Z,2026-04-01T10:00:19Z
CYBR,2026-04-01T15:00:00Z,2026-04-01T11:00:00Z,VFR,-9,-10,92,100,7,24140.16,30.22,NA,BKN  ft; OVC  ft,METAR CYBR 011500Z 10007KT 15SM BKN110 OVC250 M09/M10 A3022 RMK AC7CI1 SLP270,2026-04-01T15:20:17Z,2026-04-01T11:20:17Z
CYCO,2026-04-01T05:00:00Z,2026-04-01T01:00:00Z,IFR,-22,-25,76,30,7,9999,30.21,NA,OVC  ft,METAR CYCO 010500Z 03007KT 10SM IC OVC006 M22/M25 A3021 RMK ST8 SLP236,2026-04-01T06:05:54Z,2026-04-01T02:05:54Z
CYCO,2026-04-01T07:34:00Z,2026-04-01T03:34:00Z,LIFR,-24,-27,76,60,3,9999,30.21,NA,FEW  ft; OVC  ft,SPECI CYCO 010734Z 06003KT 020V100 10SM IC FEW001 OVC004 M24/M27 A3021 RMK ST2ST6 SLP237,2026-04-01T07:51:30Z,2026-04-01T03:51:30Z
CYCO,2026-04-01T09:00:00Z,2026-04-01T05:00:00Z,LIFR,-23,-26,76,30,4,9999,30.22,NA,OVC  ft,METAR CYCO 010900Z 03004KT 10SM OVC003 M23/M26 A3022 RMK ST8 SLP239,2026-04-01T09:23:02Z,2026-04-01T05:23:02Z
CYCO,2026-04-01T11:00:00Z,2026-04-01T07:00:00Z,LIFR,-23,-26,76,100,4,402.34,30.21,NA,VV  ft,METAR CYCO 011100Z 10004KT 070V140 1/4SM FZFG VV003 M23/M26 A3021 RMK FG8 HOARFROST SLP237,2026-04-01T11:11:24Z,2026-04-01T07:11:24Z
CYCO,2026-04-01T13:00:00Z,2026-04-01T09:00:00Z,LIFR,-23,-26,76,110,5,603.5,30.21,NA,VV  ft,METAR CYCO 011300Z 11005KT 3/8SM FZFG VV004 M23/M26 A3021 RMK FG8 SLP236,2026-04-01T14:00:20Z,2026-04-01T10:00:20Z
CYCO,2026-04-01T15:00:00Z,2026-04-01T11:00:00Z,LIFR,-24,-27,76,130,3,201.17,30.21,NA,VV  ft,METAR CYCO 011500Z 13003KT 1/8SM FZFG VV003 M24/M27 A3021 RMK FG8 SLP235,2026-04-01T15:20:19Z,2026-04-01T11:20:19Z
CYEG,2026-04-01T05:00:00Z,2026-04-01T01:00:00Z,VFR,-3,-6,79,150,9,32186.88,29.84,NA,FEW  ft,METAR CYEG 010500Z 15009KT 20SM FEW240 M03/M06 A2984 RMK CI1 SLP144,2026-04-01T06:05:53Z,2026-04-01T02:05:53Z
CYEG,2026-04-01T07:00:00Z,2026-04-01T03:00:00Z,VFR,-5,-6,92,140,6,32186.88,29.83,NA,SCT  ft,METAR CYEG 010700Z 14006KT 20SM SCT230 M05/M06 A2983 RMK CI4 SLP139,2026-04-01T07:51:28Z,2026-04-01T03:51:28Z
CYEG,2026-04-01T09:00:00Z,2026-04-01T05:00:00Z,VFR,-6,-7,92,130,5,32186.88,29.82,NA,FEW  ft; SCT  ft,METAR CYEG 010900Z 13005KT 20SM FEW081 SCT210 M06/M07 A2982 RMK AC2CI2 SLP135,2026-04-01T09:23:01Z,2026-04-01T05:23:01Z
CYEG,2026-04-01T11:00:00Z,2026-04-01T07:00:00Z,VFR,-7,-8,92,120,5,32186.88,29.8,NA,FEW  ft; FEW  ft,METAR CYEG 011100Z 12005KT 20SM FEW083 FEW230 M07/M08 A2980 RMK AC1CI2 AC TR FROIN SLP130,2026-04-01T11:11:23Z,2026-04-01T07:11:23Z
CYEG,2026-04-01T13:00:00Z,2026-04-01T09:00:00Z,VFR,-6,-8,85,120,8,32186.88,29.8,NA,SCT  ft; BKN  ft,METAR CYEG 011300Z CCA 12008KT 20SM SCT180 BKN250 M06/M08 A2980 RMK AC4CI2 CONTRAILS SLP128,2026-04-01T14:00:19Z,2026-04-01T10:00:19Z
CYEG,2026-04-01T15:00:00Z,2026-04-01T11:00:00Z,VFR,-5,-7,85,110,7,32186.88,29.81,NA,BKN  ft,METAR CYEG 011500Z 11007KT 20SM BKN240 M05/M07 A2981 RMK CI6 CC ASOCTD CS ASOCTD SLP134,2026-04-01T15:20:17Z,2026-04-01T11:20:17Z
CYER,2026-04-01T05:00:00Z,2026-04-01T01:00:00Z,VFR,-23,-25,83,180,4,14484.1,30.37,NA,SCT  ft,METAR CYER 010500Z AUTO 18004KT 9SM SCT240 M23/M25 A3037 RMK SLP289,2026-04-01T06:05:53Z,2026-04-01T02:05:53Z
CYER,2026-04-01T07:00:00Z,2026-04-01T03:00:00Z,VFR,-24,-26,83,190,7,14484.1,30.37,NA,SCT  ft,METAR CYER 010700Z AUTO 19007KT 9SM SCT240 M24/M26 A3037 RMK SLP289,2026-04-01T07:51:25Z,2026-04-01T03:51:25Z
CYER,2026-04-01T09:00:00Z,2026-04-01T05:00:00Z,VFR,-24,-27,76,210,6,14484.1,30.37,NA,FEW  ft,METAR CYER 010900Z AUTO 21006KT 9SM FEW250 M24/M27 A3037 RMK SLP290,2026-04-01T09:23:00Z,2026-04-01T05:23:00Z
CYER,2026-04-01T11:00:00Z,2026-04-01T07:00:00Z,VFR,-20,-23,76,210,6,14484.1,30.38,NA,SCT  ft,METAR CYER 011100Z AUTO 21006KT 9SM SCT240 M20/M23 A3038 RMK SLP293,2026-04-01T11:11:22Z,2026-04-01T07:11:22Z
CYER,2026-04-01T13:00:00Z,2026-04-01T09:00:00Z,VFR,-17,-22,65,210,8,14484.1,30.38,NA,FEW  ft,METAR CYER 011300Z AUTO 21008KT 9SM FEW240 M17/M22 A3038 RMK SLP293,2026-04-01T14:00:18Z,2026-04-01T10:00:18Z
CYER,2026-04-01T15:00:00Z,2026-04-01T11:00:00Z,VFR,-10,-19,47,210,11,14484.1,30.38,NA,SCT  ft; SCT  ft,METAR CYER 011500Z AUTO 21011KT 9SM SCT076 SCT250 M10/M19 A3038 RMK SLP291,2026-04-01T15:20:15Z,2026-04-01T11:20:15Z
CYFB,2026-04-01T05:00:00Z,2026-04-01T01:00:00Z,VFR,-31,-35,67,310,14,24140.16,29.97,NA,FEW  ft,METAR CYFB 010500Z 31014KT 15SM IC FEW003 M31/M35 A2997 RMK ST1 ST TR SLP156,2026-04-01T06:05:54Z,2026-04-01T02:05:54Z
CYFB,2026-04-01T07:00:00Z,2026-04-01T03:00:00Z,VFR,-31,-35,67,310,13,24140.16,30,NA,FEW  ft; FEW  ft,METAR CYFB 010700Z 31013KT 15SM IC FEW003 FEW040 M31/M35 A3000 RMK SF1SC1 SF TR SC TR SLP165,2026-04-01T07:51:30Z,2026-04-01T03:51:30Z
CYFB,2026-04-01T09:00:00Z,2026-04-01T05:00:00Z,VFR,-31,-35,67,310,10,32186.88,30.02,NA,FEW  ft; FEW  ft,METAR CYFB 010900Z 31010KT 20SM IC FEW003 FEW016 M31/M35 A3002 RMK ST1SC1 ST TR SC TR SLP174,2026-04-01T09:23:02Z,2026-04-01T05:23:02Z
CYFB,2026-04-01T11:00:00Z,2026-04-01T07:00:00Z,MVFR,-29,-33,68,320,12,48280.32,30.05,NA,BKN  ft; BKN  ft,METAR CYFB 011100Z 32012KT 30SM -SN BKN018 BKN260 M29/M33 A3005 RMK SC6CI1 CI TR SLP184,2026-04-01T11:11:24Z,2026-04-01T07:11:24Z
CYFB,2026-04-01T13:00:00Z,2026-04-01T09:00:00Z,MVFR,-27,-31,68,310,7,48280.32,30.08,NA,BKN  ft; BKN  ft,METAR CYFB 011300Z 31007KT 30SM BKN018 BKN250 M27/M31 A3008 RMK SC5CI1 SLP192,2026-04-01T14:00:20Z,2026-04-01T10:00:20Z
CYFB,2026-04-01T15:00:00Z,2026-04-01T11:00:00Z,VFR,-24,-29,63,350,10,48280.32,30.08,NA,FEW  ft; SCT  ft,METAR CYFB 011500Z 35010KT 30SM FEW021 SCT250 M24/M29 A3008 RMK SC2CI2 SLP195,2026-04-01T15:20:19Z,2026-04-01T11:20:19Z
CYFC,2026-04-01T05:48:00Z,2026-04-01T01:48:00Z,IFR,-1,-2,92,30,10,9656.06,29.93,NA,OVC  ft,SPECI CYFC 010548Z AUTO 03010G15KT 6SM -SN OVC009 M01/M02 A2993 RMK ICE PRESRR PCPN 3.5MM PAST HR SLP140,2026-04-01T06:05:54Z,2026-04-01T02:05:54Z
CYFC,2026-04-01T07:44:00Z,2026-04-01T03:44:00Z,MVFR,0,-1,92,30,8,4828.03,29.9,NA,SCT  ft; BKN  ft; OVC  ft,SPECI CYFC 010744Z AUTO 03008KT 3SM -SN SCT009 BKN014 OVC022 M00/M01 A2990 RMK ICE PCPN 3.2MM PAST HR SLP128,2026-04-01T07:51:29Z,2026-04-01T03:51:29Z
CYFC,2026-04-01T09:20:00Z,2026-04-01T05:20:00Z,IFR,0,-1,92,40,11,2816.35,29.91,NA,BKN  ft; OVC  ft,SPECI CYFC 010920Z AUTO 04011KT 1 3/4SM -SN BKN010 OVC015 M00/M01 A2991 RMK ICE INTMT PCPN 0.8MM PAST HR SLP130,2026-04-01T09:23:02Z,2026-04-01T05:23:02Z
CYFC,2026-04-01T11:05:00Z,2026-04-01T07:05:00Z,IFR,-1,-2,92,30,9,9656.06,29.9,NA,OVC  ft,SPECI CYFC 011105Z AUTO 03009KT 6SM -SN OVC008 M01/M02 A2990 RMK ICE SLP127,2026-04-01T11:11:23Z,2026-04-01T07:11:23Z
CYFC,2026-04-01T13:00:00Z,2026-04-01T09:00:00Z,MVFR,-1,-2,92,10,8,14484.1,29.96,NA,OVC  ft,METAR CYFC 011300Z AUTO 01008KT 9SM OVC010 M01/M02 A2996 RMK SLP149,2026-04-01T14:00:20Z,2026-04-01T10:00:20Z
CYFC,2026-04-01T15:05:00Z,2026-04-01T11:05:00Z,IFR,-1,-2,92,360,7,14484.1,30.02,NA,OVC  ft,SPECI CYFC 011505Z AUTO 36007KT 9SM OVC008 M01/M02 A3002 RMK SLP168,2026-04-01T15:20:18Z,2026-04-01T11:20:18Z
CYGK,2026-04-01T03:00:00Z,2026-03-31T23:00:00Z,LIFR,3,2,93,350,16,4828.03,29.79,NA,OVC  ft,METAR CYGK 010300Z 35016G28KT 3SM -SHRADZ BR OVC004 03/02 A2979 RMK ST8 CVCTV CLD EMBD LAST STFD OBS/NXT 011000Z PRESRR SLP094,2026-04-01T06:05:53Z,2026-04-01T02:05:53Z
CYGK,2026-04-01T11:00:00Z,2026-04-01T07:00:00Z,IFR,2,1,93,340,4,9656.06,30.07,NA,BKN  ft; OVC  ft,METAR CYGK 011100Z 34004KT 6SM BR BKN007 OVC012 02/01 A3007 RMK ST7SC1 PRESRR SLP189,2026-04-01T11:11:22Z,2026-04-01T07:11:22Z
CYGK,2026-04-01T13:00:00Z,2026-04-01T09:00:00Z,VFR,3,1,86,340,8,24140.16,30.15,NA,SCT  ft; BKN  ft,METAR CYGK 011300Z 34008KT 15SM SCT018 BKN080 03/01 A3015 RMK ST4AC3 SLP214,2026-04-01T14:00:19Z,2026-04-01T10:00:19Z
CYGK,2026-04-01T15:11:00Z,2026-04-01T11:11:00Z,MVFR,4,1,80,10,8,19312.13,30.23,NA,BKN  ft; OVC  ft,SPECI CYGK 011511Z 01008KT 360V060 12SM -SHRA BKN012 OVC030 04/01 A3023 RMK CU5SC3 SLP243,2026-04-01T15:20:16Z,2026-04-01T11:20:16Z
CYHU,2026-04-01T05:48:00Z,2026-04-01T01:48:00Z,IFR,0,0,100,20,10,14484.1,29.83,NA,OVC  ft,SPECI CYHU 010548Z AUTO 02010KT 9SM -RA OVC008 00/M00 A2983 RMK SLP103,2026-04-01T06:05:54Z,2026-04-01T02:05:54Z
CYHU,2026-04-01T07:00:00Z,2026-04-01T03:00:00Z,IFR,0,-1,92,360,7,14484.1,29.86,NA,OVC  ft,METAR CYHU 010700Z AUTO 36007KT 9SM OVC008 00/M01 A2986 RMK SLP116,2026-04-01T07:51:28Z,2026-04-01T03:51:28Z
CYHU,2026-04-01T09:00:00Z,2026-04-01T05:00:00Z,IFR,0,-1,92,350,6,14484.1,29.91,NA,OVC  ft,METAR CYHU 010900Z AUTO 35006KT 9SM OVC008 00/M01 A2991 RMK SLP133,2026-04-01T09:23:01Z,2026-04-01T05:23:01Z
CYHU,2026-04-01T11:00:00Z,2026-04-01T07:00:00Z,MVFR,0,0,100,330,5,14484.1,30,NA,OVC  ft,METAR CYHU 011100Z AUTO 33005KT 9SM OVC010 00/M00 A3000 RMK PRESRR SLP163,2026-04-01T11:11:23Z,2026-04-01T07:11:23Z
CYHU,2026-04-01T13:56:00Z,2026-04-01T09:56:00Z,LIFR,1,1,100,180,3,3218.69,30.12,NA,OVC  ft,SPECI CYHU 011356Z AUTO 18003KT 140V220 2SM -RA BR OVC004 01/01 A3012 RMK SLP203,2026-04-01T14:00:19Z,2026-04-01T10:00:19Z
CYHU,2026-04-01T15:13:00Z,2026-04-01T11:13:00Z,LIFR,1,1,100,40,8,4023.36,30.16,NA,BKN  ft; OVC  ft,SPECI CYHU 011513Z AUTO 04008KT 2 1/2SM -RA BR BKN004 OVC009 01/01 A3016 RMK SLP217,2026-04-01T15:20:17Z,2026-04-01T11:20:17Z
CYHZ,2026-04-01T05:05:00Z,2026-04-01T01:05:00Z,LIFR,0,0,100,130,14,804.67,29.96,NA,VV  ft,SPECI CYHZ 010505Z 13014KT 1/2SM R14/P6000FT/D R23/P6000FT/D -FZDZ FZFG VV002 M00/M00 A2996 RMK FG8 SLP155,2026-04-01T06:05:54Z,2026-04-01T02:05:54Z
CYHZ,2026-04-01T07:00:00Z,2026-04-01T03:00:00Z,LIFR,0,0,100,140,13,402.34,29.9,NA,VV  ft,METAR CYHZ 010700Z 14013G18KT 1/4SM R14/2200V2600FT/N R23/1800V2200FT/N -FZDZ FZFG VV002 M00/M00 A2990 RMK FG8 ICE ON INDICATOR SLP134,2026-04-01T07:51:29Z,2026-04-01T03:51:29Z
CYHZ,2026-04-01T09:07:00Z,2026-04-01T05:07:00Z,LIFR,0,0,100,140,11,2011.68,29.82,NA,OVC  ft,SPECI CYHZ 010907Z 14011G22KT 1 1/4SM -RA BR OVC002 00/00 A2982 RMK ST8 SLP105,2026-04-01T09:23:02Z,2026-04-01T05:23:02Z
CYHZ,2026-04-01T11:00:00Z,2026-04-01T07:00:00Z,LIFR,0,0,100,30,6,402.34,29.85,NA,VV  ft,METAR CYHZ 011100Z 03006KT 1/4SM R14/1800V2200FT/N R23/1400V1800FT/N FG VV002 00/00 A2985 RMK FG8 SLP117,2026-04-01T11:11:23Z,2026-04-01T07:11:23Z
CYHZ,2026-04-01T13:54:00Z,2026-04-01T09:54:00Z,LIFR,2,2,100,160,4,3218.69,29.9,NA,BKN  ft; OVC  ft,SPECI CYHZ 011354Z 16004KT 2SM -DZ BR BKN004 OVC014 02/02 A2990 RMK ST6SC2 SLP132,2026-04-01T14:00:20Z,2026-04-01T10:00:20Z
CYHZ,2026-04-01T15:00:00Z,2026-04-01T11:00:00Z,IFR,3,3,100,NA,2,9656.06,29.91,NA,OVC  ft,METAR CYHZ 011500Z VRB02KT 6SM BR OVC005 03/03 A2991 RMK ST8 VIS LWR W-NW SLP138,2026-04-01T15:20:18Z,2026-04-01T11:20:18Z
CYLW,2026-04-01T05:00:00Z,2026-04-01T01:00:00Z,VFR,2,-6,55,0,0,14484.1,29.7,NA,OVC  ft,METAR CYLW 010500Z AUTO 00000KT 9SM OVC130 02/M06 A2970 RMK SLP075,2026-04-01T06:05:53Z,2026-04-01T02:05:53Z
CYLW,2026-04-01T07:00:00Z,2026-04-01T03:00:00Z,VFR,-1,-7,63,20,3,14484.1,29.69,NA,NA,METAR CYLW 010700Z AUTO 02003KT 9SM CLR M01/M07 A2969 RMK SLP070,2026-04-01T07:51:27Z,2026-04-01T03:51:27Z
CYLW,2026-04-01T09:00:00Z,2026-04-01T05:00:00Z,VFR,-2,-6,74,40,5,14484.1,29.67,NA,SCT  ft; BKN  ft,METAR CYLW 010900Z AUTO 04005KT 9SM SCT130 BKN190 M02/M06 A2967 RMK SLP063,2026-04-01T09:23:01Z,2026-04-01T05:23:01Z
CYLW,2026-04-01T11:00:00Z,2026-04-01T07:00:00Z,VFR,1,-4,69,340,8,14484.1,29.63,NA,BKN  ft; OVC  ft,METAR CYLW 011100Z AUTO 34008KT 9SM BKN140 OVC180 01/M04 A2963 RMK SLP048,2026-04-01T11:11:23Z,2026-04-01T07:11:23Z
CYLW,2026-04-01T13:00:00Z,2026-04-01T09:00:00Z,VFR,1,-3,74,NA,2,14484.1,29.63,NA,BKN  ft; BKN  ft; OVC  ft,METAR CYLW 011300Z AUTO VRB02KT 9SM BKN091 BKN110 OVC140 01/M03 A2963 RMK SLP046,2026-04-01T14:00:19Z,2026-04-01T10:00:19Z
CYLW,2026-04-01T15:00:00Z,2026-04-01T11:00:00Z,VFR,3,-3,64,0,0,14484.1,29.63,NA,OVC  ft,METAR CYLW 011500Z AUTO 00000KT 9SM OVC066 03/M03 A2963 RMK SLP047,2026-04-01T15:20:16Z,2026-04-01T11:20:16Z
CYMM,2026-04-01T05:00:00Z,2026-04-01T01:00:00Z,VFR,-6,-13,57,40,3,14484.1,29.92,NA,SCT  ft,METAR CYMM 010500Z AUTO 04003KT 9SM SCT096 M06/M13 A2992 RMK SLP162,2026-04-01T06:05:53Z,2026-04-01T02:05:53Z
CYMM,2026-04-01T07:00:00Z,2026-04-01T03:00:00Z,VFR,-7,-11,73,340,6,14484.1,29.93,NA,OVC  ft,METAR CYMM 010700Z AUTO 34006KT 9SM OVC081 M07/M11 A2993 RMK SLP162,2026-04-01T07:51:28Z,2026-04-01T03:51:28Z
CYMM,2026-04-01T09:00:00Z,2026-04-01T05:00:00Z,VFR,-11,-13,85,350,3,14484.1,29.94,NA,FEW  ft,METAR CYMM 010900Z AUTO 35003KT 340V070 9SM FEW086 M11/M13 A2994 RMK SLP166,2026-04-01T09:23:01Z,2026-04-01T05:23:01Z
CYMM,2026-04-01T11:00:00Z,2026-04-01T07:00:00Z,VFR,-13,-14,92,320,3,14484.1,29.95,NA,NA,METAR CYMM 011100Z AUTO 32003KT 9SM CLR M13/M14 A2995 RMK SLP169,2026-04-01T11:11:23Z,2026-04-01T07:11:23Z
CYMM,2026-04-01T13:44:00Z,2026-04-01T09:44:00Z,VFR,-15,-17,84,220,4,14484.1,29.97,NA,NA,SPECI CYMM 011344Z AUTO 22004KT 9SM CLR M15/M17 A2997 RMK SLP182,2026-04-01T14:00:19Z,2026-04-01T10:00:19Z
CYMM,2026-04-01T15:00:00Z,2026-04-01T11:00:00Z,VFR,-12,-14,85,NA,2,14484.1,29.99,NA,NA,METAR CYMM 011500Z AUTO VRB02KT 9SM CLR M12/M14 A2999 RMK SLP186,2026-04-01T15:20:17Z,2026-04-01T11:20:17Z
CYMO,2026-04-01T05:00:00Z,2026-04-01T01:00:00Z,VFR,-19,-21,84,350,4,14484.1,30.36,NA,FEW  ft,METAR CYMO 010500Z AUTO 35004KT 9SM FEW110 M19/M21 A3036 RMK SLP285,2026-04-01T06:05:53Z,2026-04-01T02:05:53Z
CYMO,2026-04-01T07:00:00Z,2026-04-01T03:00:00Z,VFR,-21,-23,83,320,4,14484.1,30.39,NA,NA,METAR CYMO 010700Z AUTO 32004KT 9SM CLR M21/M23 A3039 RMK SLP295,2026-04-01T07:51:26Z,2026-04-01T03:51:26Z
CYMO,2026-04-01T09:00:00Z,2026-04-01T05:00:00Z,VFR,-23,-26,76,320,5,14484.1,30.42,NA,NA,METAR CYMO 010900Z AUTO 32005KT 9SM CLR M23/M26 A3042 RMK SLP305,2026-04-01T09:23:01Z,2026-04-01T05:23:01Z
CYMO,2026-04-01T11:00:00Z,2026-04-01T07:00:00Z,VFR,-25,-28,76,310,5,14484.1,30.48,NA,NA,METAR CYMO 011100Z AUTO 31005KT 9SM CLR M25/M28 A3048 RMK SLP325,2026-04-01T11:11:22Z,2026-04-01T07:11:22Z
CYMO,2026-04-01T13:00:00Z,2026-04-01T09:00:00Z,VFR,-18,-21,77,340,5,14484.1,30.55,NA,NA,METAR CYMO 011300Z AUTO 34005KT 310V010 9SM CLR M18/M21 A3055 RMK SLP348,2026-04-01T14:00:18Z,2026-04-01T10:00:18Z
CYMO,2026-04-01T15:00:00Z,2026-04-01T11:00:00Z,VFR,-14,-20,60,0,0,14484.1,30.59,NA,NA,METAR CYMO 011500Z AUTO 00000KT 9SM CLR M14/M20 A3059 RMK SLP362,2026-04-01T15:20:15Z,2026-04-01T11:20:15Z
CYOW,2026-04-01T05:20:00Z,2026-04-01T01:20:00Z,LIFR,1,0,93,70,3,3218.69,29.86,NA,OVC  ft,SPECI CYOW 010520Z 07003KT 350V080 2SM -DZ BR OVC003 01/00 A2986 RMK SF8 SLP118,2026-04-01T06:05:53Z,2026-04-01T02:05:53Z
CYOW,2026-04-01T07:22:00Z,2026-04-01T03:22:00Z,MVFR,1,0,93,210,3,8046.72,29.89,NA,OVC  ft,SPECI CYOW 010722Z 21003KT 5SM BR OVC010 01/00 A2989 RMK SF8 SLP130,2026-04-01T07:51:26Z,2026-04-01T03:51:26Z
CYOW,2026-04-01T09:00:00Z,2026-04-01T05:00:00Z,LIFR,1,0,93,280,4,6437.38,29.95,NA,OVC  ft,METAR CYOW 010900Z 28004KT 4SM BR OVC004 01/00 A2995 RMK SF8 SLP150,2026-04-01T09:23:01Z,2026-04-01T05:23:01Z
CYOW,2026-04-01T11:00:00Z,2026-04-01T07:00:00Z,IFR,1,0,93,320,5,24140.16,30.03,NA,BKN  ft; OVC  ft,METAR CYOW 011100Z 32005KT 15SM BKN005 OVC015 01/00 A3003 RMK SC7SC1 SLP175,2026-04-01T11:11:22Z,2026-04-01T07:11:22Z
CYOW,2026-04-01T13:00:00Z,2026-04-01T09:00:00Z,MVFR,1,-1,86,340,10,24140.16,30.13,NA,BKN  ft; OVC  ft,METAR CYOW 011300Z 34010G16KT 15SM BKN011 OVC020 01/M01 A3013 RMK SC7SC1 SLP210,2026-04-01T14:00:19Z,2026-04-01T10:00:19Z
CYOW,2026-04-01T15:00:00Z,2026-04-01T11:00:00Z,MVFR,2,-2,74,340,16,24140.16,30.21,NA,BKN  ft; OVC  ft,METAR CYOW 011500Z 34016KT 15SM BKN014 OVC025 02/M02 A3021 RMK SC5SC3 SLP239,2026-04-01T15:20:15Z,2026-04-01T11:20:15Z
CYPL,2026-04-01T05:00:00Z,2026-04-01T01:00:00Z,VFR,-10,-15,66,210,5,14484.1,30.24,NA,OVC  ft,METAR CYPL 010500Z AUTO 21005KT 9SM OVC060 M10/M15 A3024 RMK SLP274,2026-04-01T06:05:53Z,2026-04-01T02:05:53Z
CYPL,2026-04-01T07:00:00Z,2026-04-01T03:00:00Z,VFR,-10,-13,78,220,6,14484.1,30.27,NA,NA,METAR CYPL 010700Z AUTO 22006KT 9SM CLR M10/M13 A3027 RMK SLP283,2026-04-01T07:51:26Z,2026-04-01T03:51:26Z
CYPL,2026-04-01T09:00:00Z,2026-04-01T05:00:00Z,VFR,-10,-13,78,240,4,14484.1,30.29,NA,OVC  ft,METAR CYPL 010900Z AUTO 24004KT 9SM OVC060 M10/M13 A3029 RMK SLP291,2026-04-01T09:23:01Z,2026-04-01T05:23:01Z
CYPL,2026-04-01T11:00:00Z,2026-04-01T07:00:00Z,VFR,-12,-14,85,210,4,14484.1,30.31,NA,BKN  ft,METAR CYPL 011100Z AUTO 21004KT 9SM BKN055 M12/M14 A3031 RMK SLP299,2026-04-01T11:11:22Z,2026-04-01T07:11:22Z
CYPL,2026-04-01T13:00:00Z,2026-04-01T09:00:00Z,VFR,-10,-13,78,200,5,14484.1,30.34,NA,OVC  ft,METAR CYPL 011300Z AUTO 20005KT 9SM OVC060 M10/M13 A3034 RMK SLP309,2026-04-01T14:00:18Z,2026-04-01T10:00:18Z
CYPL,2026-04-01T15:00:00Z,2026-04-01T11:00:00Z,VFR,-4,-11,58,250,5,14484.1,30.37,NA,FEW  ft,METAR CYPL 011500Z AUTO 25005KT 9SM FEW055 M04/M11 A3037 RMK SLP316,2026-04-01T15:20:15Z,2026-04-01T11:20:15Z
CYQA,2026-04-01T05:00:00Z,2026-04-01T01:00:00Z,IFR,2,2,100,330,6,1609.34,29.89,NA,VV  ft,METAR CYQA 010500Z AUTO 33006KT 1SM BR VV003 02/02 A2989 RMK SLP133,2026-04-01T06:05:53Z,2026-04-01T02:05:53Z
CYQA,2026-04-01T07:47:00Z,2026-04-01T03:47:00Z,IFR,1,1,100,340,10,2414.02,29.95,NA,VV  ft,SPECI CYQA 010747Z AUTO 34010KT 1 1/2SM BR VV002 01/01 A2995 RMK SLP157,2026-04-01T07:51:27Z,2026-04-01T03:51:27Z
CYQA,2026-04-01T09:01:00Z,2026-04-01T05:01:00Z,LIFR,0,0,100,320,8,9656.06,29.99,NA,OVC  ft,SPECI CYQA 010901Z AUTO 32008KT 6SM BR OVC002 00/00 A2999 RMK SLP172,2026-04-01T09:23:01Z,2026-04-01T05:23:01Z
CYQA,2026-04-01T11:00:00Z,2026-04-01T07:00:00Z,LIFR,-1,-1,100,330,8,11265.41,30.09,NA,BKN  ft; OVC  ft,METAR CYQA 011100Z AUTO 33008KT 7SM BKN004 OVC009 M01/M01 A3009 RMK SLP202,2026-04-01T11:11:22Z,2026-04-01T07:11:22Z
CYQA,2026-04-01T13:00:00Z,2026-04-01T09:00:00Z,MVFR,-1,-3,86,350,11,14484.1,30.17,NA,SCT  ft; SCT  ft; OVC  ft,METAR CYQA 011300Z AUTO 35011G17KT 9SM SCT011 SCT014 OVC019 M01/M03 A3017 RMK SLP232,2026-04-01T14:00:19Z,2026-04-01T10:00:19Z
CYQA,2026-04-01T15:00:00Z,2026-04-01T11:00:00Z,MVFR,-2,-4,86,360,6,14484.1,30.24,NA,OVC  ft,METAR CYQA 011500Z AUTO 36006KT 9SM OVC013 M02/M04 A3024 RMK SLP256,2026-04-01T15:20:16Z,2026-04-01T11:20:16Z
CYQB,2026-04-01T05:35:00Z,2026-04-01T01:35:00Z,MVFR,-1,-3,86,70,16,19312.13,29.86,NA,SCT  ft; BKN  ft; OVC  ft,SPECI CYQB 010535Z 07016G24KT 12SM SCT014 BKN029 OVC040 M01/M03 A2986 RMK SF4SC1SC3 SLP116,2026-04-01T06:05:54Z,2026-04-01T02:05:54Z
CYQB,2026-04-01T07:00:00Z,2026-04-01T03:00:00Z,MVFR,-1,-3,86,70,15,24140.16,29.85,NA,SCT  ft; OVC  ft,METAR CYQB 010700Z 07015G22KT 15SM R06/3500VP6000FT/D SCT013 OVC018 M01/M03 A2985 RMK SF4SC4 SLP115,2026-04-01T07:51:28Z,2026-04-01T03:51:28Z
CYQB,2026-04-01T09:18:00Z,2026-04-01T05:18:00Z,IFR,-2,-3,92,80,6,19312.13,29.9,NA,BKN  ft; OVC  ft,SPECI CYQB 010918Z 08006KT 12SM BKN007 OVC022 M02/M03 A2990 RMK SF5SC3 PRESRR SLP131,2026-04-01T09:23:01Z,2026-04-01T05:23:01Z
CYQB,2026-04-01T10:15:00Z,2026-04-01T06:15:00Z,IFR,-2,-3,92,60,6,19312.13,29.92,NA,BKN  ft; OVC  ft,SPECI CYQB 011015Z 06006KT 12SM BKN009 OVC022 M02/M03 A2992 RMK SF5SC3 SLP139,2026-04-01T11:11:23Z,2026-04-01T07:11:23Z
CYQB,2026-04-01T13:48:00Z,2026-04-01T09:48:00Z,IFR,-1,-3,86,120,3,8046.72,30.07,NA,BKN  ft; OVC  ft,SPECI CYQB 011348Z 12003KT 070V150 5SM -FZDZ -SN BR BKN008 OVC014 M01/M03 A3007 RMK SN2ST5ST3 SLP190,2026-04-01T14:00:19Z,2026-04-01T10:00:19Z
CYQB,2026-04-01T15:00:00Z,2026-04-01T11:00:00Z,IFR,-1,-2,92,0,0,4828.03,30.12,NA,OVC  ft,METAR CYQB 011500Z 00000KT 3SM -FZDZ -SN BR OVC006 M01/M02 A3012 RMK SN2ST6 SLP207,2026-04-01T15:20:17Z,2026-04-01T11:20:17Z
CYQF,2026-04-01T05:00:00Z,2026-04-01T01:00:00Z,VFR,-4,-7,79,40,4,14484.1,29.8,NA,NA,METAR CYQF 010500Z AUTO 04004KT 040V110 9SM CLR M04/M07 A2980 RMK SLP145,2026-04-01T06:05:53Z,2026-04-01T02:05:53Z
CYQF,2026-04-01T07:00:00Z,2026-04-01T03:00:00Z,VFR,-6,-7,92,0,0,14484.1,29.78,NA,NA,METAR CYQF 010700Z AUTO 00000KT 9SM CLR M06/M07 A2978 RMK SLP133,2026-04-01T07:51:28Z,2026-04-01T03:51:28Z
CYQF,2026-04-01T09:00:00Z,2026-04-01T05:00:00Z,VFR,-6,-8,85,30,3,14484.1,29.76,NA,NA,METAR CYQF 010900Z AUTO 03003KT 9SM CLR M06/M08 A2976 RMK SLP125,2026-04-01T09:23:01Z,2026-04-01T05:23:01Z
CYQF,2026-04-01T11:00:00Z,2026-04-01T07:00:00Z,VFR,-8,-9,92,10,4,14484.1,29.75,NA,BKN  ft; OVC  ft,METAR CYQF 011100Z AUTO 01004KT 9SM BKN200 OVC220 M08/M09 A2975 RMK SLP123,2026-04-01T11:11:23Z,2026-04-01T07:11:23Z
CYQF,2026-04-01T13:00:00Z,2026-04-01T09:00:00Z,VFR,-8,-9,92,360,2,9656.06,29.75,NA,NA,METAR CYQF 011300Z AUTO 36002KT 6SM BR CLR M08/M09 A2975 RMK SLP124,2026-04-01T14:00:19Z,2026-04-01T10:00:19Z
CYQF,2026-04-01T15:00:00Z,2026-04-01T11:00:00Z,VFR,-6,-7,92,30,2,14484.1,29.75,NA,NA,METAR CYQF 011500Z AUTO 03002KT 9SM CLR M06/M07 A2975 RMK SLP125,2026-04-01T15:20:17Z,2026-04-01T11:20:17Z
CYQG,2026-04-01T05:00:00Z,2026-04-01T01:00:00Z,MVFR,8,6,87,360,16,14484.1,30,NA,OVC  ft,METAR CYQG 010500Z AUTO 36016G25KT 9SM OVC011 08/06 A3000 RMK PRESRR SLP161,2026-04-01T06:05:53Z,2026-04-01T02:05:53Z
CYQG,2026-04-01T07:26:00Z,2026-04-01T03:26:00Z,MVFR,5,2,80,360,17,14484.1,30.06,NA,BKN  ft; OVC  ft,SPECI CYQG 010726Z AUTO 36017G24KT 9SM BKN014 OVC091 05/02 A3006 RMK SLP186,2026-04-01T07:51:26Z,2026-04-01T03:51:26Z
CYQG,2026-04-01T09:00:00Z,2026-04-01T05:00:00Z,MVFR,4,1,80,360,12,14484.1,30.1,NA,OVC  ft,METAR CYQG 010900Z AUTO 36012G24KT 9SM OVC016 04/01 A3010 RMK SLP197,2026-04-01T09:23:01Z,2026-04-01T05:23:01Z
CYQG,2026-04-01T11:00:00Z,2026-04-01T07:00:00Z,MVFR,4,1,80,20,13,14484.1,30.15,NA,OVC  ft,METAR CYQG 011100Z AUTO 02013G19KT 9SM OVC016 04/01 A3015 RMK SLP216,2026-04-01T11:11:22Z,2026-04-01T07:11:22Z
CYQG,2026-04-01T13:00:00Z,2026-04-01T09:00:00Z,MVFR,3,0,80,30,13,14484.1,30.23,NA,OVC  ft,METAR CYQG 011300Z AUTO 03013G20KT 9SM OVC016 03/00 A3023 RMK SLP242,2026-04-01T14:00:19Z,2026-04-01T10:00:19Z
CYQG,2026-04-01T15:00:00Z,2026-04-01T11:00:00Z,MVFR,2,-1,80,30,17,14484.1,30.27,NA,OVC  ft,METAR CYQG 011500Z AUTO 03017G22KT 9SM OVC010 02/M01 A3027 RMK SLP255,2026-04-01T15:20:16Z,2026-04-01T11:20:16Z
CYQM,2026-04-01T06:02:00Z,2026-04-01T02:02:00Z,IFR,-1,-2,92,10,10,9656.06,29.97,NA,BKN  ft; OVC  ft,SPECI CYQM 010602Z 01010KT 6SM FZRA BKN005 OVC012 M01/M02 A2997 RMK ST6SC2 PRESRR SLP155,2026-04-01T06:05:54Z,2026-04-01T02:05:54Z
CYQM,2026-04-01T07:00:00Z,2026-04-01T03:00:00Z,IFR,-2,-2,100,50,12,9656.06,29.91,NA,BKN  ft; OVC  ft,METAR CYQM 010700Z 05012G17KT 6SM -FZRA BKN005 OVC021 M02/M02 A2991 RMK ST5SC3 PRESFR SLP134,2026-04-01T07:51:29Z,2026-04-01T03:51:29Z
CYQM,2026-04-01T09:14:00Z,2026-04-01T05:14:00Z,MVFR,-1,-2,92,80,9,4828.03,29.88,NA,SCT  ft; BKN  ft; OVC  ft,SPECI CYQM 010914Z 08009KT 3SM -FZRA -PL SCT005 BKN015 OVC035 M01/M02 A2988 RMK SF3SC3SC2 SLP125,2026-04-01T09:23:02Z,2026-04-01T05:23:02Z
CYQM,2026-04-01T11:00:00Z,2026-04-01T07:00:00Z,LIFR,0,-1,92,90,8,1609.34,29.9,NA,BKN  ft; OVC  ft,METAR CYQM 011100Z 09008KT 1SM R29/P6000FT/N R06/P6000FT/D -PL BKN004 OVC012 M00/M01 A2990 RMK SF6SC2 SLP130,2026-04-01T11:11:23Z,2026-04-01T07:11:23Z
CYQM,2026-04-01T13:45:00Z,2026-04-01T09:45:00Z,IFR,0,-1,92,70,5,12874.75,29.93,NA,BKN  ft; OVC  ft,SPECI CYQM 011345Z 07005KT 8SM BKN005 OVC030 00/M01 A2993 RMK SF7SC1 SLP140,2026-04-01T14:00:20Z,2026-04-01T10:00:20Z
CYQM,2026-04-01T15:00:00Z,2026-04-01T11:00:00Z,LIFR,0,-1,92,10,7,4828.03,29.97,NA,BKN  ft; OVC  ft,METAR CYQM 011500Z 01007KT 3SM -FZDZ BR BKN003 OVC030 M00/M01 A2997 RMK ST7SC1 SLP156,2026-04-01T15:20:18Z,2026-04-01T11:20:18Z
CYQQ,2026-04-01T05:00:00Z,2026-04-01T01:00:00Z,VFR,7,1,65,240,2,32186.88,29.65,NA,FEW  ft; OVC  ft,METAR CYQQ 010500Z 24002KT 20SM FEW070 OVC120 07/01 A2965 RMK AC2AS6 DENSITY ALT -500FT SLP040,2026-04-01T06:05:53Z,2026-04-01T02:05:53Z
CYQQ,2026-04-01T07:00:00Z,2026-04-01T03:00:00Z,VFR,6,2,75,170,2,32186.88,29.61,NA,BKN  ft; OVC  ft,METAR CYQQ 010700Z 17002KT 20SM BKN058 OVC110 06/02 A2961 RMK SC6AS2 DENSITY ALT -514FT SLP028,2026-04-01T07:51:27Z,2026-04-01T03:51:27Z
CYQQ,2026-04-01T09:00:00Z,2026-04-01T05:00:00Z,VFR,8,4,75,120,19,24140.16,29.59,NA,OVC  ft,METAR CYQQ 010900Z 12019KT 15SM OVC070 08/04 A2959 RMK AC8 DENSITY ALT -314FT DIST SH NE-SE SLP019,2026-04-01T09:23:01Z,2026-04-01T05:23:01Z
CYQQ,2026-04-01T11:00:00Z,2026-04-01T07:00:00Z,VFR,7,4,81,120,16,24140.16,29.55,NA,OVC  ft,METAR CYQQ 011100Z 12016G21KT 15SM OVC047 07/04 A2955 RMK SC8 DENSITY ALT -318FT DIST SH NE-SE SLP006,2026-04-01T11:11:23Z,2026-04-01T07:11:23Z
CYQQ,2026-04-01T13:00:00Z,2026-04-01T09:00:00Z,VFR,7,3,75,110,14,32186.88,29.52,NA,FEW  ft; BKN  ft; OVC  ft,METAR CYQQ 011300Z 11014G20KT 20SM FEW018 BKN042 OVC070 07/03 A2952 RMK SC1SC6AC1 DENSITY ALT -311FT SLP996,2026-04-01T14:00:19Z,2026-04-01T10:00:19Z
CYQQ,2026-04-01T15:00:00Z,2026-04-01T11:00:00Z,MVFR,7,4,81,120,12,32186.88,29.49,NA,FEW  ft; OVC  ft,METAR CYQQ 011500Z 12012KT 20SM -SHRA FEW017 OVC027 07/04 A2949 RMK SC2SC6 DENSITY ALT -308FT SLP987,2026-04-01T15:20:16Z,2026-04-01T11:20:16Z
CYQR,2026-04-01T05:00:00Z,2026-04-01T01:00:00Z,VFR,-7,-9,85,140,12,24140.16,30.13,NA,FEW  ft; SCT  ft; BKN  ft,METAR CYQR 010500Z 14012KT 15SM FEW120 SCT180 BKN250 M07/M09 A3013 RMK AC2AC2CI1 SLP247,2026-04-01T06:05:54Z,2026-04-01T02:05:54Z
CYQR,2026-04-01T07:00:00Z,2026-04-01T03:00:00Z,VFR,-7,-9,85,140,16,24140.16,30.1,NA,SCT  ft; BKN  ft,METAR CYQR 010700Z 14016KT 15SM SCT090 BKN140 M07/M09 A3010 RMK AC4AC2 SLP234,2026-04-01T07:51:28Z,2026-04-01T03:51:28Z
CYQR,2026-04-01T09:00:00Z,2026-04-01T05:00:00Z,VFR,-6,-9,79,130,13,24140.16,30.06,NA,BKN  ft,METAR CYQR 010900Z 13013G18KT 15SM BKN090 M06/M09 A3006 RMK AC6 SLP216,2026-04-01T09:23:01Z,2026-04-01T05:23:01Z
CYQR,2026-04-01T11:00:00Z,2026-04-01T07:00:00Z,VFR,-6,-8,85,120,15,24140.16,30.02,NA,BKN  ft,METAR CYQR 011100Z 12015G21KT 15SM BKN084 M06/M08 A3002 RMK AC7 SLP203,2026-04-01T11:11:23Z,2026-04-01T07:11:23Z
CYQR,2026-04-01T13:00:00Z,2026-04-01T09:00:00Z,VFR,-5,-8,79,130,13,24140.16,30.01,NA,BKN  ft,METAR CYQR 011300Z 13013KT 15SM BKN070 M05/M08 A3001 RMK AC7 SLP202,2026-04-01T14:00:19Z,2026-04-01T10:00:19Z
CYQR,2026-04-01T15:00:00Z,2026-04-01T11:00:00Z,VFR,-4,-7,79,130,15,24140.16,30,NA,BKN  ft,METAR CYQR 011500Z 13015G23KT 15SM BKN063 M04/M07 A3000 RMK SC7 SLP195,2026-04-01T15:20:17Z,2026-04-01T11:20:17Z
CYQT,2026-04-01T05:00:00Z,2026-04-01T01:00:00Z,VFR,-7,-11,73,30,3,24140.16,30.31,NA,SCT  ft; BKN  ft,METAR CYQT 010500Z 03003KT 010V070 15SM SCT043 BKN240 M07/M11 A3031 RMK SC3CI4 SLP281,2026-04-01T06:05:53Z,2026-04-01T02:05:53Z
CYQT,2026-04-01T07:00:00Z,2026-04-01T03:00:00Z,VFR,-12,-13,92,NA,2,24140.16,30.34,NA,BKN  ft,METAR CYQT 010700Z VRB02KT 15SM BKN240 M12/M13 A3034 RMK CI6 SLP292,2026-04-01T07:51:26Z,2026-04-01T03:51:26Z
CYQT,2026-04-01T09:00:00Z,2026-04-01T05:00:00Z,VFR,-14,-16,84,300,4,24140.16,30.37,NA,FEW  ft,METAR CYQT 010900Z 30004KT 15SM FEW240 M14/M16 A3037 RMK CI2 SLP302,2026-04-01T09:23:01Z,2026-04-01T05:23:01Z
CYQT,2026-04-01T11:00:00Z,2026-04-01T07:00:00Z,VFR,-16,-18,84,NA,2,32186.88,30.42,NA,NA,METAR CYQT 011100Z VRB02KT 20SM SKC M16/M18 A3042 RMK SLP321,2026-04-01T11:11:22Z,2026-04-01T07:11:22Z
CYQT,2026-04-01T13:00:00Z,2026-04-01T09:00:00Z,VFR,-14,-16,84,250,3,32186.88,30.47,NA,FEW  ft,METAR CYQT 011300Z 25003KT 20SM FEW230 M14/M16 A3047 RMK CI1 SLP335,2026-04-01T14:00:18Z,2026-04-01T10:00:18Z
CYQT,2026-04-01T15:00:00Z,2026-04-01T11:00:00Z,VFR,-6,-13,57,110,2,32186.88,30.5,NA,FEW  ft; FEW  ft; BKN  ft,METAR CYQT 011500Z 11002KT 20SM FEW022 FEW180 BKN220 M06/M13 A3050 RMK SC1AC1CI4 SC TR SLP346,2026-04-01T15:20:15Z,2026-04-01T11:20:15Z
CYQY,2026-04-01T05:00:00Z,2026-04-01T01:00:00Z,IFR,-3,-3,100,100,11,9999,30.1,NA,OVC  ft,METAR CYQY 010500Z 10011KT 10SM -SN OVC007 M03/M03 A3010 RMK NS8 PRESFR SLP198,2026-04-01T06:05:54Z,2026-04-01T02:05:54Z
CYQY,2026-04-01T07:00:00Z,2026-04-01T03:00:00Z,IFR,-3,-3,100,100,9,9999,30.04,NA,OVC  ft,METAR CYQY 010700Z 10009KT 10SM -SN OVC007 M03/M03 A3004 RMK NS8 PRESFR SLP178,2026-04-01T07:51:29Z,2026-04-01T03:51:29Z
CYQY,2026-04-01T09:16:00Z,2026-04-01T05:16:00Z,IFR,-1,-2,92,70,7,4828.03,30.05,NA,OVC  ft,SPECI CYQY 010916Z 07007G15KT 3SM -FZRA -SN OVC007 M01/M02 A3005 RMK NS8 SLP182,2026-04-01T09:23:02Z,2026-04-01T05:23:02Z
CYQY,2026-04-01T11:00:00Z,2026-04-01T07:00:00Z,IFR,-2,-2,100,70,15,1609.34,30.01,NA,OVC  ft,METAR CYQY 011100Z 07015G24KT 1SM R06/P6000FT/D -FZRA -PL OVC005 M02/M02 A3001 RMK NS8 ICE ON INDCTR SLP166,2026-04-01T11:11:23Z,2026-04-01T07:11:23Z
CYQY,2026-04-01T13:00:00Z,2026-04-01T09:00:00Z,IFR,-2,-2,100,60,13,1609.34,30.02,NA,OVC  ft,METAR CYQY 011300Z 06013G20KT 1SM R06/5500VP6000FT/U -FZRA -PL OVC005 M02/M02 A3002 RMK NS8 SLP171,2026-04-01T14:00:20Z,2026-04-01T10:00:20Z
CYQY,2026-04-01T15:00:00Z,2026-04-01T11:00:00Z,IFR,-2,-2,100,80,11,6437.38,29.98,NA,OVC  ft,METAR CYQY 011500Z 08011G18KT 4SM -FZRA OVC007 M02/M02 A2998 RMK NS8 SLP156,2026-04-01T15:20:18Z,2026-04-01T11:20:18Z
CYRB,2026-04-01T05:00:00Z,2026-04-01T01:00:00Z,VFR,-25,-28,76,310,5,32186.88,29.91,NA,OVC  ft,METAR CYRB 010500Z 31005KT 20SM -SN OVC043 M25/M28 A2991 RMK SC8 SLP144,2026-04-01T06:05:54Z,2026-04-01T02:05:54Z
CYRB,2026-04-01T07:00:00Z,2026-04-01T03:00:00Z,VFR,-26,-28,83,320,4,32186.88,29.91,NA,OVC  ft,METAR CYRB 010700Z 32004KT 20SM -SN OVC048 M26/M28 A2991 RMK SC8 SLP143,2026-04-01T07:51:30Z,2026-04-01T03:51:30Z
CYRB,2026-04-01T09:00:00Z,2026-04-01T05:00:00Z,VFR,-26,-29,75,290,4,32186.88,29.92,NA,OVC  ft,METAR CYRB 010900Z 29004KT 20SM -SN OVC047 M26/M29 A2992 RMK SC8 SLP145,2026-04-01T09:23:02Z,2026-04-01T05:23:02Z
CYRB,2026-04-01T11:00:00Z,2026-04-01T07:00:00Z,VFR,-26,-29,75,320,4,24140.16,29.92,NA,OVC  ft,METAR CYRB 011100Z 32004KT 15SM -SN OVC048 M26/M29 A2992 RMK SC8 SLP147,2026-04-01T11:11:24Z,2026-04-01T07:11:24Z
CYRB,2026-04-01T13:00:00Z,2026-04-01T09:00:00Z,VFR,-26,-28,83,310,5,14484.1,29.92,NA,OVC  ft,METAR CYRB 011300Z 31005KT 9SM -SN OVC062 M26/M28 A2992 RMK SC8 SLP145,2026-04-01T14:00:20Z,2026-04-01T10:00:20Z
CYRB,2026-04-01T15:00:00Z,2026-04-01T11:00:00Z,VFR,-27,-30,75,340,4,19312.13,29.92,NA,BKN  ft; OVC  ft,METAR CYRB 011500Z 34004KT 12SM -SN BKN032 OVC062 M27/M30 A2992 RMK SC6SC2 SLP147,2026-04-01T15:20:19Z,2026-04-01T11:20:19Z
CYRJ,2026-04-01T05:00:00Z,2026-04-01T01:00:00Z,MVFR,-4,-11,58,10,4,12874.75,29.96,NA,OVC  ft,METAR CYRJ 010500Z 01004KT 340V050 8SM -SN OVC028 M04/M11 A2996 RMK NS8 SLP158,2026-04-01T06:05:54Z,2026-04-01T02:05:54Z
CYRJ,2026-04-01T07:00:00Z,2026-04-01T03:00:00Z,MVFR,-4,-12,53,330,8,19312.13,29.95,NA,OVC  ft,METAR CYRJ 010700Z 33008KT 12SM -SN OVC027 M04/M12 A2995 RMK NS8 SLP154,2026-04-01T07:51:29Z,2026-04-01T03:51:29Z
CYRJ,2026-04-01T09:00:00Z,2026-04-01T05:00:00Z,MVFR,-7,-10,79,330,12,19312.13,29.98,NA,OVC  ft,METAR CYRJ 010900Z 33012G18KT 12SM -SN OVC020 M07/M10 A2998 RMK NS8 SLP165,2026-04-01T09:23:02Z,2026-04-01T05:23:02Z
CYRJ,2026-04-01T11:00:00Z,2026-04-01T07:00:00Z,IFR,-8,-10,85,310,12,1609.34,30.04,NA,OVC  ft,METAR CYRJ 011100Z 31012G17KT 1SM -SN DRSN OVC027 M08/M10 A3004 RMK NS8 SLP187,2026-04-01T11:11:23Z,2026-04-01T07:11:23Z
CYRJ,2026-04-01T13:00:00Z,2026-04-01T09:00:00Z,LIFR,-8,-11,79,320,14,1207.01,30.12,NA,FEW  ft; OVC  ft,METAR CYRJ 011300Z 32014G20KT 3/4SM -SN FEW007 OVC027 M08/M11 A3012 RMK NS2NS6 SLP216,2026-04-01T14:00:20Z,2026-04-01T10:00:20Z
CYRJ,2026-04-01T15:00:00Z,2026-04-01T11:00:00Z,MVFR,-6,-10,73,310,16,12874.75,30.19,NA,SCT  ft; OVC  ft,METAR CYRJ 011500Z 31016KT 8SM VCSH SCT014 OVC030 M06/M10 A3019 RMK SC3NS5 SLP238,2026-04-01T15:20:18Z,2026-04-01T11:20:18Z
CYRT,2026-04-01T05:00:00Z,2026-04-01T01:00:00Z,VFR,-31,-33,82,340,5,24140.16,30.23,NA,NA,METAR CYRT 010500Z 34005KT 15SM IC SKC M31/M33 A3023 RMK SLP246,2026-04-01T06:05:54Z,2026-04-01T02:05:54Z
CYRT,2026-04-01T07:00:00Z,2026-04-01T03:00:00Z,VFR,-32,-35,74,350,5,24140.16,30.23,NA,NA,METAR CYRT 010700Z 35005KT 15SM IC SKC M32/M35 A3023 RMK SLP244,2026-04-01T07:51:30Z,2026-04-01T03:51:30Z
CYRT,2026-04-01T09:00:00Z,2026-04-01T05:00:00Z,VFR,-33,-36,74,340,5,24140.16,30.23,NA,NA,METAR CYRT 010900Z 34005KT 15SM IC SKC M33/M36 A3023 RMK SLP244,2026-04-01T09:23:02Z,2026-04-01T05:23:02Z
CYRT,2026-04-01T11:00:00Z,2026-04-01T07:00:00Z,VFR,-33,-36,74,340,6,24140.16,30.24,NA,NA,METAR CYRT 011100Z 34006KT 15SM IC SKC M33/M36 A3024 RMK SLP247,2026-04-01T11:11:24Z,2026-04-01T07:11:24Z
CYRT,2026-04-01T13:00:00Z,2026-04-01T09:00:00Z,VFR,-32,-36,67,340,5,24140.16,30.24,NA,FEW  ft,METAR CYRT 011300Z 34005KT 15SM IC FEW250 M32/M36 A3024 RMK CI2 SLP250,2026-04-01T14:00:20Z,2026-04-01T10:00:20Z
CYRT,2026-04-01T15:00:00Z,2026-04-01T11:00:00Z,VFR,-29,-32,75,330,7,24140.16,30.26,NA,FEW  ft; FEW  ft,METAR CYRT 011500Z 33007KT 15SM IC FEW054 FEW250 M29/M32 A3026 RMK SC1CI2 SC TR SLP255,2026-04-01T15:20:19Z,2026-04-01T11:20:19Z
CYSB,2026-04-01T05:00:00Z,2026-04-01T01:00:00Z,IFR,-6,-7,92,360,11,24140.16,29.98,NA,OVC  ft,METAR CYSB 010500Z 36011KT 15SM -SN OVC008 M06/M07 A2998 RMK SC8 SLP174,2026-04-01T06:05:53Z,2026-04-01T02:05:53Z
CYSB,2026-04-01T07:00:00Z,2026-04-01T03:00:00Z,IFR,-7,-8,92,360,9,24140.16,30.04,NA,OVC  ft,METAR CYSB 010700Z 36009G16KT 15SM -SN OVC008 M07/M08 A3004 RMK SC8 SLP196,2026-04-01T07:51:26Z,2026-04-01T03:51:26Z
CYSB,2026-04-01T09:00:00Z,2026-04-01T05:00:00Z,MVFR,-8,-11,79,360,14,24140.16,30.11,NA,BKN  ft; OVC  ft,METAR CYSB 010900Z 36014KT 15SM -SN BKN016 OVC030 M08/M11 A3011 RMK SC6SC2 SLP220,2026-04-01T09:23:01Z,2026-04-01T05:23:01Z
CYSB,2026-04-01T11:00:00Z,2026-04-01T07:00:00Z,MVFR,-11,-14,78,360,13,32186.88,30.21,NA,FEW  ft; OVC  ft,METAR CYSB 011100Z 36013G21KT 20SM FEW013 OVC021 M11/M14 A3021 RMK SC2SC6 PRESRR SLP256,2026-04-01T11:11:22Z,2026-04-01T07:11:22Z
CYSB,2026-04-01T13:00:00Z,2026-04-01T09:00:00Z,VFR,-11,-14,78,10,12,32186.88,30.29,NA,FEW  ft; SCT  ft; BKN  ft,METAR CYSB 011300Z 01012G18KT 20SM FEW014 SCT034 BKN240 M11/M14 A3029 RMK SC2SC2CI3 SLP285,2026-04-01T14:00:18Z,2026-04-01T10:00:18Z
CYSB,2026-04-01T15:00:00Z,2026-04-01T11:00:00Z,VFR,-8,-13,67,20,13,32186.88,30.34,NA,FEW  ft; SCT  ft,METAR CYSB 011500Z 02013KT 20SM FEW015 SCT240 M08/M13 A3034 RMK SC1CI2 SLP301,2026-04-01T15:20:15Z,2026-04-01T11:20:15Z
CYTS,2026-04-01T05:00:00Z,2026-04-01T01:00:00Z,IFR,-13,-15,84,10,6,3218.69,30.15,NA,VV  ft,METAR CYTS 010500Z 01006KT 2SM -SN VV013 M13/M15 A3015 RMK SN8 SLP237,2026-04-01T06:05:53Z,2026-04-01T02:05:53Z
CYTS,2026-04-01T07:00:00Z,2026-04-01T03:00:00Z,IFR,-14,-16,84,350,7,4023.36,30.2,NA,VV  ft,METAR CYTS 010700Z 35007KT 2 1/2SM -SN VV027 M14/M16 A3020 RMK SN8 SLP253,2026-04-01T07:51:26Z,2026-04-01T03:51:26Z
CYTS,2026-04-01T09:00:00Z,2026-04-01T05:00:00Z,VFR,-16,-18,84,360,6,9999,30.25,NA,BKN  ft,METAR CYTS 010900Z 36006KT 10SM -SN BKN067 M16/M18 A3025 RMK AC5 SLP273,2026-04-01T09:23:01Z,2026-04-01T05:23:01Z
CYTS,2026-04-01T10:46:00Z,2026-04-01T06:46:00Z,VFR,-18,-20,84,350,5,24140.16,30.35,NA,FEW  ft,SPECI CYTS 011046Z 35005KT 15SM FEW058 M18/M20 A3035 RMK SC2 PRESRR SLP307,2026-04-01T11:11:22Z,2026-04-01T07:11:22Z
CYTS,2026-04-01T13:00:00Z,2026-04-01T09:00:00Z,VFR,-17,-20,77,20,7,24140.16,30.42,NA,FEW  ft,METAR CYTS 011300Z 02007KT 15SM FEW040 M17/M20 A3042 RMK SC1 SC TR SLP333,2026-04-01T14:00:18Z,2026-04-01T10:00:18Z
CYTS,2026-04-01T15:00:00Z,2026-04-01T11:00:00Z,VFR,-13,-18,66,40,4,24140.16,30.48,NA,FEW  ft,METAR CYTS 011500Z 04004KT 350V080 15SM FEW020 M13/M18 A3048 RMK SC1 SLP349,2026-04-01T15:20:15Z,2026-04-01T11:20:15Z
CYUL,2026-04-01T05:00:00Z,2026-04-01T01:00:00Z,IFR,0,0,100,40,12,9999,29.83,NA,OVC  ft,METAR CYUL 010500Z 04012KT 10SM -RA OVC007 00/M00 A2983 RMK SF8 SLP104,2026-04-01T06:05:54Z,2026-04-01T02:05:54Z
CYUL,2026-04-01T07:00:00Z,2026-04-01T03:00:00Z,IFR,0,-1,92,40,8,24140.16,29.86,NA,OVC  ft,METAR CYUL 010700Z 04008KT 15SM OVC009 00/M01 A2986 RMK SF8 SLP116,2026-04-01T07:51:28Z,2026-04-01T03:51:28Z
CYUL,2026-04-01T09:00:00Z,2026-04-01T05:00:00Z,MVFR,1,-1,86,10,6,24140.16,29.92,NA,OVC  ft,METAR CYUL 010900Z 01006KT 15SM OVC010 01/M01 A2992 RMK SF8 SLP137,2026-04-01T09:23:01Z,2026-04-01T05:23:01Z
CYUL,2026-04-01T11:00:00Z,2026-04-01T07:00:00Z,VFR,1,0,93,300,5,24140.16,30.01,NA,SCT  ft,METAR CYUL 011100Z 30005KT 15SM SCT012 01/M00 A3001 RMK ST8 PRESRR SLP167,2026-04-01T11:11:23Z,2026-04-01T07:11:23Z
CYUL,2026-04-01T13:00:00Z,2026-04-01T09:00:00Z,IFR,1,1,100,230,6,24140.16,30.08,NA,OVC  ft,METAR CYUL 011300Z 23006KT 15SM OVC005 01/01 A3008 RMK SF8 SLP191,2026-04-01T14:00:19Z,2026-04-01T10:00:19Z
CYUL,2026-04-01T15:00:00Z,2026-04-01T11:00:00Z,MVFR,4,1,80,310,9,24140.16,30.15,NA,FEW  ft; BKN  ft; OVC  ft,METAR CYUL 011500Z 31009KT 15SM FEW020 BKN029 OVC037 04/01 A3015 RMK SC2SC4SC2 SLP215,2026-04-01T15:20:17Z,2026-04-01T11:20:17Z
CYUY,2026-04-01T05:40:00Z,2026-04-01T01:40:00Z,IFR,-10,-12,85,10,12,4023.36,30.05,NA,OVC  ft,SPECI CYUY 010540Z 01012KT 2 1/2SM -SN OVC040 M10/M12 A3005 RMK SC8 SLP200,2026-04-01T06:05:54Z,2026-04-01T02:05:54Z
CYUY,2026-04-01T07:00:00Z,2026-04-01T03:00:00Z,MVFR,-11,-13,85,10,8,4828.03,30.08,NA,OVC  ft,METAR CYUY 010700Z 01008KT 3SM -SN OVC030 M11/M13 A3008 RMK SC8 SLP210,2026-04-01T07:51:29Z,2026-04-01T03:51:29Z
CYUY,2026-04-01T09:00:00Z,2026-04-01T05:00:00Z,MVFR,-12,-14,85,360,9,8046.72,30.14,NA,FEW  ft; SCT  ft; OVC  ft,METAR CYUY 010900Z 36009KT 5SM -SN FEW010 SCT054 OVC098 M12/M14 A3014 RMK SF1SC2AC5 /S01/ SLP232,2026-04-01T09:23:01Z,2026-04-01T05:23:01Z
CYUY,2026-04-01T11:00:00Z,2026-04-01T07:00:00Z,VFR,-15,-18,77,350,6,24140.16,30.26,NA,FEW  ft; FEW  ft; SCT  ft,METAR CYUY 011100Z 35006KT 15SM IC FEW010 FEW100 SCT240 M15/M18 A3026 RMK SF1AC1CI2 SF TR PRESRR SLP275,2026-04-01T11:11:23Z,2026-04-01T07:11:23Z
CYUY,2026-04-01T13:00:00Z,2026-04-01T09:00:00Z,VFR,-14,-18,71,350,8,24140.16,30.32,NA,FEW  ft,METAR CYUY 011300Z 35008KT 15SM FEW220 M14/M18 A3032 RMK CI1 SLP296,2026-04-01T14:00:19Z,2026-04-01T10:00:19Z
CYUY,2026-04-01T15:00:00Z,2026-04-01T11:00:00Z,VFR,-10,-19,47,320,10,24140.16,30.39,NA,FEW  ft,METAR CYUY 011500Z 32010KT 300V040 15SM FEW260 M10/M19 A3039 RMK CI1 SLP318,2026-04-01T15:20:18Z,2026-04-01T11:20:18Z
CYVO,2026-04-01T05:00:00Z,2026-04-01T01:00:00Z,VFR,-8,-11,79,20,12,14484.1,29.98,NA,OVC  ft,METAR CYVO 010500Z AUTO 02012G19KT 9SM -SN OVC033 M08/M11 A2998 RMK SLP180,2026-04-01T06:05:54Z,2026-04-01T02:05:54Z
CYVO,2026-04-01T07:49:00Z,2026-04-01T03:49:00Z,MVFR,-10,-12,85,360,11,8046.72,30.04,NA,OVC  ft,SPECI CYVO 010749Z AUTO 36011G19KT 5SM -SN OVC055 M10/M12 A3004 RMK SLP204,2026-04-01T07:51:28Z,2026-04-01T03:51:28Z
CYVO,2026-04-01T09:00:00Z,2026-04-01T05:00:00Z,VFR,-11,-13,85,350,12,12874.75,30.08,NA,FEW  ft; SCT  ft; OVC  ft,METAR CYVO 010900Z AUTO 35012G17KT 8SM -SN FEW013 SCT038 OVC096 M11/M13 A3008 RMK SLP215,2026-04-01T09:23:01Z,2026-04-01T05:23:01Z
CYVO,2026-04-01T11:00:00Z,2026-04-01T07:00:00Z,VFR,-12,-15,78,340,10,24140.16,30.2,NA,FEW  ft; SCT  ft,METAR CYVO 011100Z 34010KT 15SM FEW009 SCT100 M12/M15 A3020 RMK SF1AC2 PRESRR SLP257,2026-04-01T11:11:23Z,2026-04-01T07:11:23Z
CYVO,2026-04-01T13:00:00Z,2026-04-01T09:00:00Z,VFR,-13,-16,78,350,12,24140.16,30.27,NA,FEW  ft; FEW  ft,METAR CYVO 011300Z 35012KT 15SM R18/4000VP6000FT/U FEW014 FEW250 M13/M16 A3027 RMK CF1CI1 CI TR SLP283,2026-04-01T14:00:19Z,2026-04-01T10:00:19Z
CYVO,2026-04-01T15:00:00Z,2026-04-01T11:00:00Z,VFR,-10,-17,56,350,12,24140.16,30.34,NA,FEW  ft; FEW  ft,METAR CYVO 011500Z 35012KT 15SM FEW026 FEW250 M10/M17 A3034 RMK CU1CI1 CU TR CI TR SLP306,2026-04-01T15:20:18Z,2026-04-01T11:20:18Z
CYVR,2026-04-01T05:00:00Z,2026-04-01T01:00:00Z,VFR,8,0,57,30,4,32186.88,29.66,NA,SCT  ft; OVC  ft,METAR CYVR 010500Z 03004KT 20SM SCT130 OVC150 08/00 A2966 RMK AC3AS5 SLP047,2026-04-01T06:05:53Z,2026-04-01T02:05:53Z
CYVR,2026-04-01T07:00:00Z,2026-04-01T03:00:00Z,VFR,9,-1,49,70,8,32186.88,29.62,NA,FEW  ft; SCT  ft; OVC  ft,METAR CYVR 010700Z 07008KT 20SM FEW050 SCT068 OVC130 09/M01 A2962 RMK SC1AC2AS5 SLP034,2026-04-01T07:51:27Z,2026-04-01T03:51:27Z
CYVR,2026-04-01T09:00:00Z,2026-04-01T05:00:00Z,VFR,8,0,57,NA,2,32186.88,29.59,NA,BKN  ft; OVC  ft,METAR CYVR 010900Z VRB02KT 20SM -RA BKN052 OVC075 08/00 A2959 RMK SC5AC3 SLP024,2026-04-01T09:23:01Z,2026-04-01T05:23:01Z
CYVR,2026-04-01T11:00:00Z,2026-04-01T07:00:00Z,VFR,6,6,100,70,4,24140.16,29.59,NA,OVC  ft,METAR CYVR 011100Z 07004KT 15SM -RA OVC032 06/06 A2959 RMK SC8 SLP024,2026-04-01T11:11:23Z,2026-04-01T07:11:23Z
CYVR,2026-04-01T13:00:00Z,2026-04-01T09:00:00Z,VFR,6,6,100,80,11,32186.88,29.57,NA,FEW  ft; OVC  ft,METAR CYVR 011300Z 08011KT 20SM FEW045 OVC069 06/06 A2957 RMK SC2AC6 SLP016,2026-04-01T14:00:19Z,2026-04-01T10:00:19Z
CYVR,2026-04-01T15:00:00Z,2026-04-01T11:00:00Z,MVFR,7,6,93,70,11,32186.88,29.56,NA,BKN  ft; BKN  ft; OVC  ft,METAR CYVR 011500Z 07011KT 20SM BKN018 BKN024 OVC041 07/06 A2956 RMK SC7SC1SC1 SC TR SLP011,2026-04-01T15:20:16Z,2026-04-01T11:20:16Z
CYVV,2026-04-01T05:00:00Z,2026-04-01T01:00:00Z,IFR,0,0,100,330,4,6437.38,29.99,NA,OVC  ft,METAR CYVV 010500Z 33004KT 300V010 4SM BR OVC005 M00/M00 A2999 RMK SF8 SLP168,2026-04-01T06:05:53Z,2026-04-01T02:05:53Z
CYVV,2026-04-01T07:00:00Z,2026-04-01T03:00:00Z,IFR,-1,-1,100,310,5,6437.38,30.05,NA,OVC  ft,METAR CYVV 010700Z 31005KT 290V350 4SM BR OVC007 M01/M01 A3005 RMK SF8 PRESRR SLP186,2026-04-01T07:51:27Z,2026-04-01T03:51:27Z
CYVV,2026-04-01T09:00:00Z,2026-04-01T05:00:00Z,IFR,-1,-1,100,340,3,6437.38,30.1,NA,OVC  ft,METAR CYVV 010900Z 34003KT 300V040 4SM BR OVC009 M01/M01 A3010 RMK SF8 SLP204,2026-04-01T09:23:01Z,2026-04-01T05:23:01Z
CYVV,2026-04-01T11:00:00Z,2026-04-01T07:00:00Z,IFR,-2,-3,92,10,5,9656.06,30.18,NA,OVC  ft,METAR CYVV 011100Z 01005KT 320V050 6SM BR OVC009 M02/M03 A3018 RMK SF8 FROIN PRESRR SLP232,2026-04-01T11:11:22Z,2026-04-01T07:11:22Z
CYVV,2026-04-01T13:41:00Z,2026-04-01T09:41:00Z,MVFR,-3,-6,79,10,8,6437.38,30.27,NA,SCT  ft; OVC  ft,SPECI CYVV 011341Z 01008G15KT 330V060 4SM -SN SCT012 OVC019 M03/M06 A3027 RMK SF4SC4 SLP265,2026-04-01T14:00:19Z,2026-04-01T10:00:19Z
CYVV,2026-04-01T15:00:00Z,2026-04-01T11:00:00Z,MVFR,-3,-6,79,20,6,24140.16,30.32,NA,OVC  ft,METAR CYVV 011500Z 02006KT 310V050 15SM OVC021 M03/M06 A3032 RMK SC8 SLP279,2026-04-01T15:20:16Z,2026-04-01T11:20:16Z
CYWG,2026-04-01T05:00:00Z,2026-04-01T01:00:00Z,VFR,-7,-9,85,260,4,24140.16,30.32,NA,NA,METAR CYWG 010500Z 26004KT 15SM SKC M07/M09 A3032 RMK SLP286,2026-04-01T06:05:54Z,2026-04-01T02:05:54Z
CYWG,2026-04-01T07:00:00Z,2026-04-01T03:00:00Z,VFR,-9,-10,92,290,2,24140.16,30.32,NA,NA,METAR CYWG 010700Z 29002KT 15SM SKC M09/M10 A3032 RMK SLP286,2026-04-01T07:51:28Z,2026-04-01T03:51:28Z
CYWG,2026-04-01T09:00:00Z,2026-04-01T05:00:00Z,VFR,-10,-10,100,340,2,24140.16,30.3,NA,FEW  ft,METAR CYWG 010900Z 34002KT 15SM FEW200 M10/M10 A3030 RMK CI1 CI TR SLP281,2026-04-01T09:23:01Z,2026-04-01T05:23:01Z
CYWG,2026-04-01T11:00:00Z,2026-04-01T07:00:00Z,VFR,-9,-10,92,90,3,24140.16,30.29,NA,FEW  ft,METAR CYWG 011100Z 09003KT 15SM FEW190 M09/M10 A3029 RMK AS1 AS TR SLP277,2026-04-01T11:11:23Z,2026-04-01T07:11:23Z
CYWG,2026-04-01T13:00:00Z,2026-04-01T09:00:00Z,VFR,-7,-8,92,100,4,24140.16,30.31,NA,FEW  ft; BKN  ft,METAR CYWG 011300Z 10004KT 15SM FEW150 BKN250 M07/M08 A3031 RMK AC1CI6 SLP282,2026-04-01T14:00:19Z,2026-04-01T10:00:19Z
CYWG,2026-04-01T15:00:00Z,2026-04-01T11:00:00Z,VFR,-2,-6,74,150,10,24140.16,30.31,NA,BKN  ft; BKN  ft,METAR CYWG 011500Z 15010KT 15SM BKN170 BKN250 M02/M06 A3031 RMK AS5CI2 SLP283,2026-04-01T15:20:17Z,2026-04-01T11:20:17Z
CYXE,2026-04-01T05:00:00Z,2026-04-01T01:00:00Z,VFR,-6,-9,79,140,9,24140.16,30.06,NA,BKN  ft,METAR CYXE 010500Z 14009KT 15SM BKN086 M06/M09 A3006 RMK AC6 SLP217,2026-04-01T06:05:53Z,2026-04-01T02:05:53Z
CYXE,2026-04-01T07:00:00Z,2026-04-01T03:00:00Z,VFR,-8,-11,79,120,8,24140.16,30.03,NA,SCT  ft,METAR CYXE 010700Z 12008KT 15SM SCT230 M08/M11 A3003 RMK CI4 SLP205,2026-04-01T07:51:28Z,2026-04-01T03:51:28Z
CYXE,2026-04-01T09:00:00Z,2026-04-01T05:00:00Z,VFR,-9,-11,85,120,7,24140.16,29.99,NA,FEW  ft; BKN  ft,METAR CYXE 010900Z 12007KT 15SM FEW120 BKN230 M09/M11 A2999 RMK AC2CI3 SLP190,2026-04-01T09:23:01Z,2026-04-01T05:23:01Z
CYXE,2026-04-01T11:00:00Z,2026-04-01T07:00:00Z,VFR,-9,-12,78,120,9,24140.16,29.96,NA,SCT  ft; BKN  ft,METAR CYXE 011100Z 12009KT 15SM SCT065 BKN230 M09/M12 A2996 RMK SC3CI2 SLP181,2026-04-01T11:11:23Z,2026-04-01T07:11:23Z
CYXE,2026-04-01T13:00:00Z,2026-04-01T09:00:00Z,VFR,-8,-11,79,120,5,24140.16,29.95,NA,SCT  ft; BKN  ft,METAR CYXE 011300Z 12005KT 15SM SCT085 BKN230 M08/M11 A2995 RMK AC4CI1 SLP179,2026-04-01T14:00:19Z,2026-04-01T10:00:19Z
CYXE,2026-04-01T15:00:00Z,2026-04-01T11:00:00Z,VFR,-6,-9,79,130,5,24140.16,29.95,NA,BKN  ft,METAR CYXE 011500Z 13005KT 15SM BKN070 M06/M09 A2995 RMK AC7 SLP179,2026-04-01T15:20:17Z,2026-04-01T11:20:17Z
CYXS,2026-04-01T05:00:00Z,2026-04-01T01:00:00Z,VFR,-2,-7,68,360,6,14484.1,29.66,NA,NA,METAR CYXS 010500Z AUTO 36006KT 9SM CLR M02/M07 A2966 RMK SLP081,2026-04-01T06:05:53Z,2026-04-01T02:05:53Z
CYXS,2026-04-01T07:00:00Z,2026-04-01T03:00:00Z,VFR,-3,-7,73,350,9,14484.1,29.63,NA,FEW  ft,METAR CYXS 010700Z AUTO 35009KT 9SM FEW091 M03/M07 A2963 RMK SLP069,2026-04-01T07:51:27Z,2026-04-01T03:51:27Z
CYXS,2026-04-01T09:00:00Z,2026-04-01T05:00:00Z,VFR,-3,-6,79,350,9,14484.1,29.6,NA,OVC  ft,METAR CYXS 010900Z AUTO 35009KT 9SM OVC096 M03/M06 A2960 RMK SLP056,2026-04-01T09:23:01Z,2026-04-01T05:23:01Z
CYXS,2026-04-01T11:00:00Z,2026-04-01T07:00:00Z,VFR,-3,-6,79,350,10,14484.1,29.57,NA,SCT  ft; OVC  ft,METAR CYXS 011100Z AUTO 35010KT 9SM SCT091 OVC110 M03/M06 A2957 RMK SLP046,2026-04-01T11:11:23Z,2026-04-01T07:11:23Z
CYXS,2026-04-01T13:00:00Z,2026-04-01T09:00:00Z,VFR,-3,-6,79,350,10,14484.1,29.54,NA,OVC  ft,METAR CYXS 011300Z AUTO 35010KT 9SM OVC091 M03/M06 A2954 RMK SLP035,2026-04-01T14:00:19Z,2026-04-01T10:00:19Z
CYXS,2026-04-01T15:00:00Z,2026-04-01T11:00:00Z,VFR,-2,-6,74,350,7,14484.1,29.54,NA,OVC  ft,METAR CYXS 011500Z AUTO 35007KT 9SM OVC076 M02/M06 A2954 RMK SLP037,2026-04-01T15:20:16Z,2026-04-01T11:20:16Z
CYXT,2026-04-01T05:00:00Z,2026-04-01T01:00:00Z,VFR,3,-5,55,40,8,32186.88,29.65,NA,SCT  ft; BKN  ft,METAR CYXT 010500Z 04008KT 20SM SCT080 BKN210 03/M05 A2965 RMK AC4CI2 SLP052,2026-04-01T06:05:53Z,2026-04-01T02:05:53Z
CYXT,2026-04-01T07:00:00Z,2026-04-01T03:00:00Z,VFR,2,-4,64,10,9,32186.88,29.64,NA,BKN  ft,METAR CYXT 010700Z 01009G15KT 20SM BKN080 02/M04 A2964 RMK AC7 SLP047,2026-04-01T07:51:27Z,2026-04-01T03:51:27Z
CYXT,2026-04-01T09:00:00Z,2026-04-01T05:00:00Z,VFR,1,-5,64,10,14,32186.88,29.62,NA,FEW  ft; SCT  ft; BKN  ft,METAR CYXT 010900Z 01014KT 20SM FEW060 SCT110 BKN150 01/M05 A2962 RMK SC1AC3AC2 SC TR SLP041,2026-04-01T09:23:01Z,2026-04-01T05:23:01Z
CYXT,2026-04-01T11:00:00Z,2026-04-01T07:00:00Z,VFR,1,-5,64,20,17,32186.88,29.59,NA,OVC  ft,METAR CYXT 011100Z 02017G22KT 20SM OVC070 01/M05 A2959 RMK AC8 SLP031,2026-04-01T11:11:23Z,2026-04-01T07:11:23Z
CYXT,2026-04-01T13:00:00Z,2026-04-01T09:00:00Z,VFR,1,-5,64,10,16,32186.88,29.57,NA,OVC  ft,METAR CYXT 011300Z 01016G22KT 20SM OVC075 01/M05 A2957 RMK AC8 SLP025,2026-04-01T14:00:19Z,2026-04-01T10:00:19Z
CYXT,2026-04-01T15:00:00Z,2026-04-01T11:00:00Z,VFR,2,-5,59,10,15,32186.88,29.57,NA,FEW  ft; OVC  ft,METAR CYXT 011500Z 01015KT 20SM FEW060 OVC090 02/M05 A2957 RMK SC1AC7 SLP025,2026-04-01T15:20:16Z,2026-04-01T11:20:16Z
CYXY,2026-04-01T05:00:00Z,2026-04-01T01:00:00Z,VFR,-4,-11,58,280,5,24140.16,29.73,NA,BKN  ft; BKN  ft,METAR CYXY 010500Z 28005KT 15SM BKN059 BKN083 M04/M11 A2973 RMK SC5AC2 SLP126,2026-04-01T06:05:54Z,2026-04-01T02:05:54Z
CYXY,2026-04-01T07:00:00Z,2026-04-01T03:00:00Z,VFR,-6,-12,62,300,5,24140.16,29.75,NA,OVC  ft,METAR CYXY 010700Z 30005KT 15SM OVC063 M06/M12 A2975 RMK SC8 SLP129,2026-04-01T07:51:29Z,2026-04-01T03:51:29Z
CYXY,2026-04-01T09:00:00Z,2026-04-01T05:00:00Z,VFR,-7,-13,62,280,6,24140.16,29.77,NA,SCT  ft; BKN  ft,METAR CYXY 010900Z 28006KT 15SM SCT062 BKN160 M07/M13 A2977 RMK SC4AC1 SLP131,2026-04-01T09:23:02Z,2026-04-01T05:23:02Z
CYXY,2026-04-01T11:00:00Z,2026-04-01T07:00:00Z,VFR,-8,-13,67,290,5,24140.16,29.79,NA,BKN  ft; OVC  ft,METAR CYXY 011100Z 29005KT 15SM BKN067 OVC083 M08/M13 A2979 RMK AC6AC2 SLP134,2026-04-01T11:11:23Z,2026-04-01T07:11:23Z
CYXY,2026-04-01T13:00:00Z,2026-04-01T09:00:00Z,VFR,-10,-15,66,280,5,24140.16,29.79,NA,SCT  ft; BKN  ft,METAR CYXY 011300Z 28005KT 15SM SCT060 BKN080 M10/M15 A2979 RMK SC3AC6 SLP136,2026-04-01T14:00:20Z,2026-04-01T10:00:20Z
CYXY,2026-04-01T15:00:00Z,2026-04-01T11:00:00Z,VFR,-12,-16,72,260,4,64373.76,29.79,NA,SCT  ft,METAR CYXY 011500Z 26004KT 40SM SCT072 M12/M16 A2979 RMK AC3 SLP142,2026-04-01T15:20:19Z,2026-04-01T11:20:19Z
CYYB,2026-04-01T06:01:00Z,2026-04-01T02:01:00Z,IFR,-4,-5,92,340,10,4828.03,29.94,NA,OVC  ft,SPECI CYYB 010601Z AUTO 34010KT 3SM -SN OVC005 M04/M05 A2994 RMK ICE PAST HR RVR MISG SLP161,2026-04-01T06:05:53Z,2026-04-01T02:05:53Z
CYYB,2026-04-01T07:28:00Z,2026-04-01T03:28:00Z,IFR,-5,-6,92,360,9,4828.03,29.98,NA,OVC  ft,SPECI CYYB 010728Z AUTO 36009G18KT 3SM BR OVC007 M05/M06 A2998 RMK ICE RVR MISG SLP177,2026-04-01T07:51:26Z,2026-04-01T03:51:26Z
CYYB,2026-04-01T09:00:00Z,2026-04-01T05:00:00Z,IFR,-7,-8,92,360,11,12874.75,30.04,NA,OVC  ft,METAR CYYB 010900Z AUTO 36011G21KT 8SM OVC007 M07/M08 A3004 RMK ICE RVR MISG SLP195,2026-04-01T09:23:01Z,2026-04-01T05:23:01Z
CYYB,2026-04-01T11:00:00Z,2026-04-01T07:00:00Z,IFR,-7,-8,92,350,7,32186.88,30.14,NA,OVC  ft,METAR CYYB 011100Z 35007KT 330V040 20SM OVC005 M07/M08 A3014 RMK SF8 SLP229,2026-04-01T11:11:22Z,2026-04-01T07:11:22Z
CYYB,2026-04-01T13:00:00Z,2026-04-01T09:00:00Z,MVFR,-9,-11,85,360,10,24140.16,30.23,NA,SCT  ft; OVC  ft,METAR CYYB 011300Z 36010G16KT 15SM -SN DRSN SCT015 OVC022 M09/M11 A3023 RMK SC4SC4 SLP264,2026-04-01T14:00:18Z,2026-04-01T10:00:18Z
CYYB,2026-04-01T15:00:00Z,2026-04-01T11:00:00Z,MVFR,-7,-10,79,10,9,24140.16,30.31,NA,BKN  ft; BKN  ft,METAR CYYB 011500Z 01009G17KT 350V050 15SM -SN BKN012 BKN250 M07/M10 A3031 RMK SC5CI2 SLP287,2026-04-01T15:20:15Z,2026-04-01T11:20:15Z
CYYC,2026-04-01T04:00:00Z,2026-04-01T00:00:00Z,VFR,-3,-6,79,NA,2,24140.16,29.77,NA,BKN  ft,METAR CYYC 010400Z VRB02KT 15SM BKN150 M03/M06 A2977 RMK AC5 SLP143,2026-04-01T06:05:53Z,2026-04-01T02:05:53Z
CYYC,2026-04-01T07:00:00Z,2026-04-01T03:00:00Z,VFR,-7,-9,85,330,5,24140.16,29.74,NA,FEW  ft; SCT  ft,METAR CYYC 010700Z 33005KT 15SM FEW180 SCT250 M07/M09 A2974 RMK AC2CI1 SLP132,2026-04-01T07:51:27Z,2026-04-01T03:51:27Z
CYYC,2026-04-01T09:00:00Z,2026-04-01T05:00:00Z,VFR,-10,-12,85,350,3,24140.16,29.72,NA,NA,METAR CYYC 010900Z 35003KT 350V050 15SM SKC M10/M12 A2972 RMK SLP128,2026-04-01T09:23:01Z,2026-04-01T05:23:01Z
CYYC,2026-04-01T11:00:00Z,2026-04-01T07:00:00Z,VFR,-9,-11,85,0,0,24140.16,29.71,NA,BKN  ft,METAR CYYC 011100Z 00000KT 15SM BKN250 M09/M11 A2971 RMK CI5 SLP120,2026-04-01T11:11:23Z,2026-04-01T07:11:23Z
CYYC,2026-04-01T13:00:00Z,2026-04-01T09:00:00Z,VFR,-7,-9,85,240,4,32186.88,29.71,NA,FEW  ft; BKN  ft,METAR CYYC 011300Z 24004KT 20SM FEW120 BKN250 M07/M09 A2971 RMK AC2CI3 SLP116,2026-04-01T14:00:19Z,2026-04-01T10:00:19Z
CYYC,2026-04-01T15:00:00Z,2026-04-01T11:00:00Z,VFR,-7,-10,79,0,0,48280.32,29.71,NA,FEW  ft; SCT  ft,METAR CYYC 011500Z 00000KT 30SM FEW150 SCT250 M07/M10 A2971 RMK AC1CI4 AC TR CONTRAILS SLP120,2026-04-01T15:20:17Z,2026-04-01T11:20:17Z
CYYG,2026-04-01T05:19:00Z,2026-04-01T01:19:00Z,LIFR,-2,-2,100,100,10,4023.36,29.99,NA,OVC  ft,SPECI CYYG 010519Z 10010KT 2 1/2SM -FZRA BR OVC003 M02/M02 A2999 RMK ST8 ICE ON INDCTR PRESFR SLP161,2026-04-01T06:05:54Z,2026-04-01T02:05:54Z
CYYG,2026-04-01T07:00:00Z,2026-04-01T03:00:00Z,LIFR,-1,-1,100,60,10,4828.03,29.97,NA,OVC  ft,METAR CYYG 010700Z 06010G15KT 3SM -FZRA BR OVC004 M01/M01 A2997 RMK ST8 SLP155,2026-04-01T07:51:29Z,2026-04-01T03:51:29Z
CYYG,2026-04-01T09:00:00Z,2026-04-01T05:00:00Z,IFR,-2,-2,100,60,11,4023.36,29.94,NA,BKN  ft; OVC  ft,METAR CYYG 010900Z CCA 06011KT 2 1/2SM -FZRA -PL BR BKN006 OVC030 M02/M02 A2994 RMK SF6NS2 SLP143,2026-04-01T09:23:02Z,2026-04-01T05:23:02Z
CYYG,2026-04-01T11:00:00Z,2026-04-01T07:00:00Z,IFR,-1,-2,92,60,8,4828.03,29.95,NA,OVC  ft,METAR CYYG 011100Z 06008KT 3SM -FZRA -SN BR OVC006 M01/M02 A2995 RMK SF8 SLP146,2026-04-01T11:11:23Z,2026-04-01T07:11:23Z
CYYG,2026-04-01T13:00:00Z,2026-04-01T09:00:00Z,IFR,-1,-1,100,100,10,19312.13,29.91,NA,OVC  ft,METAR CYYG 011300Z 10010G17KT 12SM -SN OVC009 M01/M01 A2991 RMK SF8 SLP134,2026-04-01T14:00:20Z,2026-04-01T10:00:20Z
CYYG,2026-04-01T15:00:00Z,2026-04-01T11:00:00Z,IFR,0,-1,92,80,4,19312.13,29.96,NA,OVC  ft,METAR CYYG 011500Z 08004KT 12SM -FZRA -SN OVC007 M00/M01 A2996 RMK SF8 CIG RAG SLP150,2026-04-01T15:20:18Z,2026-04-01T11:20:18Z
CYYJ,2026-04-01T05:00:00Z,2026-04-01T01:00:00Z,VFR,7,1,65,0,0,48280.32,29.66,NA,OVC  ft,METAR CYYJ 010500Z 00000KT 30SM OVC120 07/01 A2966 RMK AC8 SLP045,2026-04-01T06:05:53Z,2026-04-01T02:05:53Z
CYYJ,2026-04-01T07:00:00Z,2026-04-01T03:00:00Z,VFR,7,3,75,290,7,48280.32,29.63,NA,OVC  ft,METAR CYYJ 010700Z 29007KT 30SM OVC077 07/03 A2963 RMK AC8 SLP036,2026-04-01T07:51:27Z,2026-04-01T03:51:27Z
CYYJ,2026-04-01T09:00:00Z,2026-04-01T05:00:00Z,VFR,8,3,70,280,10,48280.32,29.61,NA,OVC  ft,METAR CYYJ 010900Z 28010KT 30SM OVC042 08/03 A2961 RMK SC8 SLP028,2026-04-01T09:23:01Z,2026-04-01T05:23:01Z
CYYJ,2026-04-01T11:00:00Z,2026-04-01T07:00:00Z,VFR,7,5,87,NA,2,32186.88,29.57,NA,OVC  ft,METAR CYYJ 011100Z VRB02KT 20SM -RA OVC055 07/05 A2957 RMK SC8 SLP016,2026-04-01T11:11:23Z,2026-04-01T07:11:23Z
CYYJ,2026-04-01T13:00:00Z,2026-04-01T09:00:00Z,VFR,7,4,81,NA,2,32186.88,29.56,NA,OVC  ft,METAR CYYJ 011300Z VRB02KT 20SM OVC033 07/04 A2956 RMK SC8 SLP011,2026-04-01T14:00:19Z,2026-04-01T10:00:19Z
CYYJ,2026-04-01T15:00:00Z,2026-04-01T11:00:00Z,VFR,8,5,81,110,8,48280.32,29.52,NA,FEW  ft; SCT  ft; BKN  ft; BKN  ft,METAR CYYJ 011500Z 11008G15KT 30SM FEW018 SCT033 BKN075 BKN100 08/05 A2952 RMK SC2SC1AC4AC1 AC TR SLP999,2026-04-01T15:20:16Z,2026-04-01T11:20:16Z
CYYT,2026-04-01T05:00:00Z,2026-04-01T01:00:00Z,MVFR,-4,-6,85,90,8,24140.16,30.19,NA,OVC  ft,METAR CYYT 010500Z 09008KT 15SM OVC011 M04/M06 A3019 RMK ST8 SLP231,2026-04-01T06:05:54Z,2026-04-01T02:05:54Z
CYYT,2026-04-01T07:00:00Z,2026-04-01T03:00:00Z,MVFR,-4,-6,85,110,8,24140.16,30.16,NA,OVC  ft,METAR CYYT 010700Z 11008KT 15SM OVC012 M04/M06 A3016 RMK ST8 SLP223,2026-04-01T07:51:29Z,2026-04-01T03:51:29Z
CYYT,2026-04-01T09:00:00Z,2026-04-01T05:00:00Z,MVFR,-3,-5,86,100,11,24140.16,30.17,NA,OVC  ft,METAR CYYT 010900Z 10011KT 15SM -SHSN OVC012 M03/M05 A3017 RMK SC8 CVCTV CLD EMBD SLP227,2026-04-01T09:23:02Z,2026-04-01T05:23:02Z
CYYT,2026-04-01T11:00:00Z,2026-04-01T07:00:00Z,IFR,-3,-5,86,100,11,24140.16,30.15,NA,OVC  ft,METAR CYYT 011100Z 10011G19KT 15SM -SN OVC009 M03/M05 A3015 RMK ST8 PRESRR SLP219,2026-04-01T11:11:23Z,2026-04-01T07:11:23Z
CYYT,2026-04-01T13:00:00Z,2026-04-01T09:00:00Z,LIFR,-3,-4,92,100,14,804.67,30.16,NA,OVC  ft,METAR CYYT 011300Z 10014KT 1/2SM R16/3000V4000FT/N SN OVC004 M03/M04 A3016 RMK SN4ST4 SLP222,2026-04-01T14:00:20Z,2026-04-01T10:00:20Z
CYYT,2026-04-01T15:10:00Z,2026-04-01T11:10:00Z,LIFR,-3,-4,92,110,17,603.5,30.1,NA,VV  ft,SPECI CYYT 011510Z 11017KT 3/8SM R16/2600V3000FT/N R10/2600V3000FT/N SN VV002 M03/M04 A3010 RMK SN8 SLP203,2026-04-01T15:20:18Z,2026-04-01T11:20:18Z
CYYZ,2026-04-01T05:00:00Z,2026-04-01T01:00:00Z,MVFR,8,7,93,340,19,9999,29.87,NA,SCT  ft; OVC  ft,METAR CYYZ 010500Z 34019G24KT 10SM SCT007 OVC017 08/07 A2987 RMK SF3SC5 SLP119,2026-04-01T06:05:53Z,2026-04-01T02:05:53Z
CYYZ,2026-04-01T07:00:00Z,2026-04-01T03:00:00Z,MVFR,6,3,81,330,15,24140.16,29.94,NA,BKN  ft,METAR CYYZ 010700Z 33015KT 15SM BKN030 06/03 A2994 RMK SC6 SLP143,2026-04-01T07:51:27Z,2026-04-01T03:51:27Z
CYYZ,2026-04-01T09:00:00Z,2026-04-01T05:00:00Z,VFR,3,1,86,340,16,24140.16,30.01,NA,SCT  ft,METAR CYYZ 010900Z 34016KT 15SM SCT014 03/01 A3001 RMK SC3 SLP169,2026-04-01T09:23:01Z,2026-04-01T05:23:01Z
CYYZ,2026-04-01T11:00:00Z,2026-04-01T07:00:00Z,MVFR,2,-1,80,340,18,24140.16,30.1,NA,BKN  ft,METAR CYYZ 011100Z 34018KT 15SM BKN010 02/M01 A3010 RMK SC7 SLP200,2026-04-01T11:11:22Z,2026-04-01T07:11:22Z
CYYZ,2026-04-01T13:16:00Z,2026-04-01T09:16:00Z,MVFR,1,-2,80,350,17,24140.16,30.2,NA,BKN  ft,SPECI CYYZ 011316Z 35017G23KT 15SM BKN016 01/M02 A3020 RMK SC7 SLP233,2026-04-01T14:00:19Z,2026-04-01T10:00:19Z
CYYZ,2026-04-01T15:00:00Z,2026-04-01T11:00:00Z,MVFR,2,-2,74,350,18,24140.16,30.25,NA,BKN  ft; OVC  ft,METAR CYYZ 011500Z CCA 35018G23KT 15SM BKN015 OVC230 02/M02 A3025 RMK SC5CS3 SLP250,2026-04-01T15:20:16Z,2026-04-01T11:20:16Z
CYZF,2026-04-01T05:00:00Z,2026-04-01T01:00:00Z,VFR,-14,-17,78,340,3,24140.16,29.98,NA,FEW  ft; SCT  ft; BKN  ft,METAR CYZF 010500Z 34003KT 15SM FEW024 SCT088 BKN240 M14/M17 A2998 RMK SC1AC3CI1 SLP178,2026-04-01T06:05:54Z,2026-04-01T02:05:54Z
CYZF,2026-04-01T07:00:00Z,2026-04-01T03:00:00Z,VFR,-14,-16,84,50,3,24140.16,29.98,NA,FEW  ft; SCT  ft; SCT  ft,METAR CYZF 010700Z 05003KT 15SM FEW047 SCT078 SCT240 M14/M16 A2998 RMK SC2AC2CI1 CI TR SLP177,2026-04-01T07:51:30Z,2026-04-01T03:51:30Z
CYZF,2026-04-01T09:15:00Z,2026-04-01T05:15:00Z,VFR,-15,-16,92,40,4,24140.16,29.99,NA,SCT  ft,SPECI CYZF 010915Z 04004KT 15SM SCT062 M15/M16 A2999 RMK SC4 SLP179,2026-04-01T09:23:02Z,2026-04-01T05:23:02Z
CYZF,2026-04-01T11:00:00Z,2026-04-01T07:00:00Z,VFR,-17,-18,91,360,4,24140.16,30,NA,SCT  ft,METAR CYZF 011100Z 36004KT 15SM SCT051 M17/M18 A3000 RMK SC3 SLP182,2026-04-01T11:11:24Z,2026-04-01T07:11:24Z
CYZF,2026-04-01T13:00:00Z,2026-04-01T09:00:00Z,VFR,-21,-23,83,360,4,24140.16,30.01,NA,FEW  ft; FEW  ft,METAR CYZF 011300Z 36004KT 15SM FEW055 FEW120 M21/M23 A3001 RMK SC1AC1 SLP188,2026-04-01T14:00:20Z,2026-04-01T10:00:20Z
CYZF,2026-04-01T15:00:00Z,2026-04-01T11:00:00Z,MVFR,-15,-17,84,30,4,9999,30.03,NA,FEW  ft; BKN  ft,METAR CYZF 011500Z 03004KT 10SM -SN FEW019 BKN029 M15/M17 A3003 RMK SF1SC7 SF TR SLP194,2026-04-01T15:20:19Z,2026-04-01T11:20:19Z
CYZV,2026-04-01T05:00:00Z,2026-04-01T01:00:00Z,MVFR,-8,-18,44,40,10,24140.16,30.1,NA,BKN  ft; OVC  ft,METAR CYZV 010500Z 04010KT 15SM BKN027 OVC150 M08/M18 A3010 RMK SC5AC3 SLP199,2026-04-01T06:05:54Z,2026-04-01T02:05:54Z
CYZV,2026-04-01T07:00:00Z,2026-04-01T03:00:00Z,VFR,-8,-17,48,40,10,24140.16,30.11,NA,SCT  ft; OVC  ft,METAR CYZV 010700Z 04010KT 15SM SCT030 OVC130 M08/M17 A3011 RMK SC3AC5 SLP201,2026-04-01T07:51:29Z,2026-04-01T03:51:29Z
CYZV,2026-04-01T09:00:00Z,2026-04-01T05:00:00Z,MVFR,-8,-16,52,50,8,24140.16,30.11,NA,BKN  ft; OVC  ft,METAR CYZV 010900Z 05008KT 15SM BKN018 OVC110 M08/M16 A3011 RMK SC7AC1 SLP202,2026-04-01T09:23:02Z,2026-04-01T05:23:02Z
CYZV,2026-04-01T11:04:00Z,2026-04-01T07:04:00Z,IFR,-9,-13,72,60,6,4023.36,30.15,NA,BKN  ft; OVC  ft,SPECI CYZV 011104Z 06006KT 2 1/2SM -SN DRSN BKN023 OVC032 M09/M13 A3015 RMK SN6SC1SC1 SLP216,2026-04-01T11:11:23Z,2026-04-01T07:11:23Z
CYZV,2026-04-01T13:00:00Z,2026-04-01T09:00:00Z,IFR,-8,-11,79,40,6,1609.34,30.18,NA,BKN  ft; OVC  ft,METAR CYZV 011300Z 04006KT 360V060 1SM R09/P6000FT/N -SN BKN021 OVC036 M08/M11 A3018 RMK SN6ST1SC1 /S01/ SLP228,2026-04-01T14:00:19Z,2026-04-01T10:00:19Z
CYZV,2026-04-01T15:00:00Z,2026-04-01T11:00:00Z,IFR,-7,-9,85,40,7,1609.34,30.23,NA,BKN  ft; OVC  ft,METAR CYZV 011500Z 04007KT 010V070 1SM R09/P6000FT/D -SN BKN015 OVC036 M07/M09 A3023 RMK SN6ST1SC1 /S02/ SLP243,2026-04-01T15:20:18Z,2026-04-01T11:20:18Z
